BestLapTime,LapsComplete,PositionStart,Status,Driver,Team,TrackType,Track,PositionFinish
01:08.2,90,3,0,Alex Palou,Chip Ganassi Racing,Road,BAR,2
01:09.1,90,2,0,Alex Palou,Chip Ganassi Racing,Road,BAR,5
01:08.5,90,10,0,Alex Palou,Chip Ganassi Racing,Road,BAR,5
01:09.0,90,1,0,Alex Palou,Chip Ganassi Racing,Road,BAR,1
01:09.6,90,5,0,Alexander Rossi,Andretti Global,Road,BAR,9
01:08.6,90,10,0,Alexander Rossi,Arrow McLaren,Road,BAR,8
01:08.1,60,16,1,Alexander Rossi,Arrow McLaren,Road,BAR,25
01:09.6,90,15,0,Alexander Rossi,Ed Carpenter Racing,Road,BAR,8
01:09.6,88,11,0,Callum Ilott,Juncos Hollinger Racing,Road,BAR,25
01:08.7,90,15,0,Callum Ilott,Juncos Hollinger Racing,Road,BAR,13
01:09.6,89,16,0,Callum Ilott,PREMA Racing,Road,BAR,23
01:09.5,90,7,0,Christian Lundgaard,Arrow McLaren,Road,BAR,2
01:09.2,90,14,0,Christian Lundgaard,Rahal Letterman Lanigan Racing,Road,BAR,15
01:09.4,90,6,0,Christian Lundgaard,Rahal Letterman Lanigan Racing,Road,BAR,6
01:08.2,90,3,0,Christian Lundgaard,Rahal Letterman Lanigan Racing,Road,BAR,6
01:08.5,89,14,0,Christian Rasmussen,Ed Carpenter Racing,Road,BAR,24
01:10.0,90,17,0,Christian Rasmussen,Ed Carpenter Racing,Road,BAR,15
01:09.5,90,3,0,Colton Herta,Andretti Global,Road,BAR,7
01:08.4,90,10,0,Colton Herta,Andretti Global,Road,BAR,10
01:08.7,90,14,0,Colton Herta,Andretti Global,Road,BAR,14
01:08.8,90,15,0,Colton Herta,Andretti Global,Road,BAR,8
01:09.1,90,22,0,Conor Daly,Ed Carpenter Racing,Road,BAR,19
01:08.4,90,20,0,Conor Daly,Ed Carpenter Racing,Road,BAR,25
01:09.9,89,19,0,Conor Daly,Juncos Hollinger Racing,Road,BAR,19
01:09.7,90,20,0,David Malukas,A.J. Foyt Enterprises,Road,BAR,16
01:09.9,90,18,0,David Malukas,Dale Coyne Racing,Road,BAR,20
01:09.2,90,17,0,David Malukas,Dale Coyne Racing,Road,BAR,19
01:09.4,90,20,0,Devlin DeFrancesco,Andretti Global,Road,BAR,17
01:09.7,90,18,0,Devlin DeFrancesco,Andretti Global,Road,BAR,23
01:10.1,89,27,0,Devlin DeFrancesco,Rahal Letterman Lanigan Racing,Road,BAR,24
01:09.6,90,6,0,Felix Rosenqvist,Arrow McLaren,Road,BAR,16
01:08.4,90,8,0,Felix Rosenqvist,Arrow McLaren,Road,BAR,9
01:09.0,90,5,0,Felix Rosenqvist,Meyer Shank Racing,Road,BAR,4
01:09.8,90,14,0,Felix Rosenqvist,Meyer Shank Racing,Road,BAR,13
01:09.5,90,9,0,Graham Rahal,Rahal Letterman Lanigan Racing,Road,BAR,8
01:09.0,90,19,0,Graham Rahal,Rahal Letterman Lanigan Racing,Road,BAR,17
01:09.3,90,7,0,Graham Rahal,Rahal Letterman Lanigan Racing,Road,BAR,11
01:09.6,90,21,0,Graham Rahal,Rahal Letterman Lanigan Racing,Road,BAR,14
01:10.5,88,25,0,Jacob Abel,Dale Coyne Racing,Road,BAR,27
01:08.6,90,7,0,Josef Newgarden,Team Penske,Road,BAR,14
01:08.2,90,7,0,Josef Newgarden,Team Penske,Road,BAR,15
01:08.3,90,8,0,Josef Newgarden,Team Penske,Road,BAR,16
01:09.2,90,9,0,Josef Newgarden,Team Penske,Road,BAR,10
01:08.6,90,23,0,Kyffin Simpson,Chip Ganassi Racing,Road,BAR,14
01:09.8,89,10,0,Kyffin Simpson,Chip Ganassi Racing,Road,BAR,21
01:09.1,89,21,0,Kyle Kirkwood,A.J. Foyt Enterprises,Road,BAR,22
01:08.9,90,12,0,Kyle Kirkwood,Andretti Global,Road,BAR,12
01:09.0,90,9,0,Kyle Kirkwood,Andretti Global,Road,BAR,10
01:09.5,90,18,0,Kyle Kirkwood,Andretti Global,Road,BAR,11
01:09.9,88,12,0,Louis Foster,Rahal Letterman Lanigan Racing,Road,BAR,26
01:09.1,90,26,0,Marcus Armstrong,Chip Ganassi Racing,Road,BAR,11
01:09.1,90,6,0,Marcus Armstrong,Chip Ganassi Racing,Road,BAR,9
01:09.6,89,11,0,Marcus Armstrong,Meyer Shank Racing,Road,BAR,17
01:08.9,90,18,0,Marcus Ericsson,Andretti Global,Road,BAR,18
01:09.5,89,23,0,Marcus Ericsson,Andretti Global,Road,BAR,20
01:08.7,90,12,0,Marcus Ericsson,Chip Ganassi Racing,Road,BAR,12
01:08.9,90,13,0,Marcus Ericsson,Chip Ganassi Racing,Road,BAR,10
01:09.4,90,6,0,Nolan Siegel,Arrow McLaren,Road,BAR,9
01:09.0,90,2,0,Pato O'Ward,Arrow McLaren,Road,BAR,1
01:09.2,90,3,0,Pato O'Ward,Arrow McLaren,Road,BAR,4
01:08.7,90,4,0,Pato O'Ward,Arrow McLaren,Road,BAR,23
01:09.5,90,8,0,Pato O'Ward,Arrow McLaren,Road,BAR,6
01:09.4,90,5,0,Rinus VeeKay,Dale Coyne Racing,Road,BAR,4
01:08.9,90,1,0,Rinus VeeKay,Ed Carpenter Racing,Road,BAR,3
01:09.5,90,9,0,Rinus VeeKay,Ed Carpenter Racing,Road,BAR,16
01:08.9,90,27,0,Rinus VeeKay,Ed Carpenter Racing,Road,BAR,17
01:10.0,89,24,0,Robert Shwartzman,PREMA Racing,Road,BAR,25
01:09.3,90,27,0,Santino Ferrucci,A.J. Foyt Enterprises,Road,BAR,20
01:08.4,90,17,0,Santino Ferrucci,A.J. Foyt Enterprises,Road,BAR,7
01:09.2,89,13,0,Santino Ferrucci,A.J. Foyt Enterprises,Road,BAR,18
01:09.2,90,13,0,Scott Dixon,Chip Ganassi Racing,Road,BAR,5
01:08.7,90,5,0,Scott Dixon,Chip Ganassi Racing,Road,BAR,7
01:08.5,90,13,0,Scott Dixon,Chip Ganassi Racing,Road,BAR,15
01:09.6,90,26,0,Scott Dixon,Chip Ganassi Racing,Road,BAR,12
01:09.4,90,4,0,Scott McLaughlin,Team Penske,Road,BAR,6
01:08.5,90,4,0,Scott McLaughlin,Team Penske,Road,BAR,1
01:07.8,90,1,0,Scott McLaughlin,Team Penske,Road,BAR,1
01:09.4,90,2,0,Scott McLaughlin,Team Penske,Road,BAR,3
01:09.2,54,25,1,Sting Ray Robb,A.J. Foyt Enterprises,Road,BAR,26
01:09.2,36,23,1,Sting Ray Robb,Dale Coyne Racing,Road,BAR,27
01:09.9,89,22,0,Sting Ray Robb,Juncos Hollinger Racing,Road,BAR,22
01:09.2,90,19,0,Will Power,Team Penske,Road,BAR,4
01:07.8,90,11,0,Will Power,Team Penske,Road,BAR,3
01:07.8,90,2,0,Will Power,Team Penske,Road,BAR,2
01:09.6,90,4,0,Will Power,Team Penske,Road,BAR,5
01:17.2,70,18,0,Alex Palou,Chip Ganassi Racing,Street,BEL,6
01:16.5,70,11,0,Alexander Rossi,Andretti Global,Street,BEL,2
01:17.1,70,19,0,Christian Lundgaard,Rahal Letterman Lanigan Racing,Street,BEL,14
01:16.7,70,7,0,Colton Herta,Andretti Global,Street,BEL,8
01:16.9,70,13,0,Conor Daly,Ed Carpenter Racing,Street,BEL,12
01:16.4,70,6,0,David Malukas,Dale Coyne Racing,Street,BEL,11
01:18.0,69,21,0,Devlin DeFrancesco,Andretti Global,Street,BEL,18
01:16.5,70,25,0,Felix Rosenqvist,Arrow McLaren,Street,BEL,10
01:21.4,2,23,1,Graham Rahal,Rahal Letterman Lanigan Racing,Street,BEL,26
01:16.6,70,1,0,Josef Newgarden,Team Penske,Street,BEL,4
01:17.2,49,15,1,Kyle Kirkwood,A.J. Foyt Enterprises,Street,BEL,24
01:16.8,70,8,0,Marcus Ericsson,Chip Ganassi Racing,Street,BEL,7
01:16.8,70,5,0,Pato O'Ward,Arrow McLaren,Street,BEL,5
01:16.9,69,14,1,Rinus VeeKay,Ed Carpenter Racing,Street,BEL,16
01:18.0,68,17,0,Santino Ferrucci,Juncos Hollinger Racing,Street,BEL,21
01:17.0,70,9,0,Scott Dixon,Chip Ganassi Racing,Street,BEL,3
01:17.3,69,10,0,Scott McLaughlin,Team Penske,Street,BEL,19
01:16.6,70,16,0,Will Power,Team Penske,Street,BEL,1
01:02.1,100,1,0,Alex Palou,Chip Ganassi Racing,Street,DET,1
01:03.4,100,2,0,Alex Palou,Chip Ganassi Racing,Street,DET,16
01:02.4,72,5,1,Alex Palou,Chip Ganassi Racing,Street,DET,25
01:02.1,100,13,0,Alexander Rossi,Arrow McLaren,Street,DET,5
01:03.4,100,16,0,Alexander Rossi,Arrow McLaren,Street,DET,5
01:03.0,100,15,0,Alexander Rossi,Ed Carpenter Racing,Street,DET,10
01:30.3,1,16,1,Callum Ilott,Juncos Hollinger Racing,Street,DET,27
01:02.9,66,17,1,Callum Ilott,PREMA Racing,Street,DET,26
01:02.7,100,4,0,Christian Lundgaard,Arrow McLaren,Street,DET,8
01:02.3,100,18,0,Christian Lundgaard,Rahal Letterman Lanigan Racing,Street,DET,16
01:03.1,100,11,0,Christian Lundgaard,Rahal Letterman Lanigan Racing,Street,DET,11
01:03.3,24,13,1,Christian Rasmussen,Ed Carpenter Racing,Street,DET,27
01:02.7,80,10,1,Christian Rasmussen,Ed Carpenter Racing,Street,DET,24
01:02.4,100,1,0,Colton Herta,Andretti Global,Street,DET,3
01:02.7,100,24,0,Colton Herta,Andretti Global,Street,DET,11
01:02.7,99,1,0,Colton Herta,Andretti Global,Street,DET,19
01:02.8,100,15,0,Conor Daly,Ed Carpenter Racing,Street,DET,15
01:02.8,100,25,0,Conor Daly,Juncos Hollinger Racing,Street,DET,17
01:02.3,100,2,0,David Malukas,A.J. Foyt Enterprises,Street,DET,14
01:02.4,85,21,1,David Malukas,Dale Coyne Racing,Street,DET,23
01:02.4,100,17,0,Devlin DeFrancesco,Andretti Global,Street,DET,12
01:03.1,83,23,1,Devlin DeFrancesco,Rahal Letterman Lanigan Racing,Street,DET,23
01:02.1,100,9,0,Felix Rosenqvist,Arrow McLaren,Street,DET,3
01:03.0,100,22,0,Felix Rosenqvist,Meyer Shank Racing,Street,DET,8
01:03.0,83,14,1,Felix Rosenqvist,Meyer Shank Racing,Street,DET,21
01:03.1,50,27,1,Graham Rahal,Rahal Letterman Lanigan Racing,Street,DET,25
01:03.5,100,20,0,Graham Rahal,Rahal Letterman Lanigan Racing,Street,DET,15
01:03.2,97,11,0,Graham Rahal,Rahal Letterman Lanigan Racing,Street,DET,20
01:03.7,100,20,0,Jacob Abel,Dale Coyne Racing,Street,DET,18
01:02.3,100,5,0,Josef Newgarden,Team Penske,Street,DET,10
01:03.4,94,3,0,Josef Newgarden,Team Penske,Street,DET,26
01:02.6,100,24,0,Josef Newgarden,Team Penske,Street,DET,9
01:03.1,96,27,0,Kyffin Simpson,Chip Ganassi Racing,Street,DET,24
01:02.2,100,19,0,Kyffin Simpson,Chip Ganassi Racing,Street,DET,5
01:01.9,100,12,0,Kyle Kirkwood,Andretti Global,Street,DET,6
01:03.4,100,6,0,Kyle Kirkwood,Andretti Global,Street,DET,4
01:02.4,100,3,0,Kyle Kirkwood,Andretti Global,Street,DET,1
01:02.6,83,13,1,Louis Foster,Rahal Letterman Lanigan Racing,Street,DET,22
01:02.3,100,11,0,Marcus Armstrong,Chip Ganassi Racing,Street,DET,8
01:03.7,100,19,0,Marcus Armstrong,Chip Ganassi Racing,Street,DET,3
01:03.1,100,9,0,Marcus Armstrong,Meyer Shank Racing,Street,DET,6
01:03.2,100,9,0,Marcus Ericsson,Andretti Global,Street,DET,2
01:02.3,100,12,0,Marcus Ericsson,Andretti Global,Street,DET,13
01:02.1,100,6,0,Marcus Ericsson,Chip Ganassi Racing,Street,DET,9
01:02.9,98,27,0,Nolan Siegel,Arrow McLaren,Street,DET,19
01:02.6,41,10,1,Pato O'Ward,Arrow McLaren,Street,DET,26
01:03.5,100,12,0,Pato O'Ward,Arrow McLaren,Street,DET,7
01:02.8,100,18,0,Pato O'Ward,Arrow McLaren,Street,DET,7
01:04.3,6,6,1,Rinus VeeKay,Dale Coyne Racing,Street,DET,27
01:02.6,100,14,0,Rinus VeeKay,Ed Carpenter Racing,Street,DET,18
01:03.3,100,18,0,Rinus VeeKay,Ed Carpenter Racing,Street,DET,14
01:02.8,100,22,0,Robert Shwartzman,PREMA Racing,Street,DET,16
01:02.9,97,22,0,Santino Ferrucci,A.J. Foyt Enterprises,Street,DET,21
01:03.1,100,10,0,Santino Ferrucci,A.J. Foyt Enterprises,Street,DET,9
01:02.8,100,21,0,Santino Ferrucci,A.J. Foyt Enterprises,Street,DET,2
01:02.2,100,4,0,Scott Dixon,Chip Ganassi Racing,Street,DET,4
01:03.4,100,5,0,Scott Dixon,Chip Ganassi Racing,Street,DET,1
01:02.9,100,16,0,Scott Dixon,Chip Ganassi Racing,Street,DET,11
01:02.5,100,2,0,Scott McLaughlin,Team Penske,Street,DET,7
01:03.2,99,4,0,Scott McLaughlin,Team Penske,Street,DET,20
01:02.8,100,7,0,Scott McLaughlin,Team Penske,Street,DET,12
01:03.6,99,23,0,Sting Ray Robb,A.J. Foyt Enterprises,Street,DET,21
01:03.7,97,26,0,Sting Ray Robb,Dale Coyne Racing,Street,DET,22
01:03.0,100,26,0,Sting Ray Robb,Juncos Hollinger Racing,Street,DET,15
01:02.1,100,7,0,Will Power,Team Penske,Street,DET,2
01:03.2,100,8,0,Will Power,Team Penske,Street,DET,6
01:02.5,100,8,0,Will Power,Team Penske,Street,DET,4
01:11.9,74,2,0,Alex Palou,Chip Ganassi Racing,Road,GPI,18
01:11.9,85,7,0,Alex Palou,Chip Ganassi Racing,Road,GPI,10
01:11.3,85,3,0,Alex Palou,Chip Ganassi Racing,Road,GPI,1
01:12.8,85,8,0,Alex Palou,Chip Ganassi Racing,Road,GPI,7
01:11.1,85,1,0,Alex Palou,Chip Ganassi Racing,Road,GPI,1
01:11.5,85,1,0,Alex Palou,Chip Ganassi Racing,Road,GPI,1
01:12.7,75,16,0,Alexander Rossi,Andretti Global,Road,GPI,11
01:11.9,85,2,0,Alexander Rossi,Andretti Global,Road,GPI,1
01:11.7,85,10,0,Alexander Rossi,Arrow McLaren,Road,GPI,3
01:12.7,85,3,0,Alexander Rossi,Arrow McLaren,Road,GPI,5
01:11.8,85,7,0,Alexander Rossi,Arrow McLaren,Road,GPI,8
01:12.6,85,9,0,Alexander Rossi,Ed Carpenter Racing,Road,GPI,14
01:13.0,75,7,0,Callum Ilott,Juncos Hollinger Racing,Road,GPI,8
01:12.4,85,19,0,Callum Ilott,Juncos Hollinger Racing,Road,GPI,14
01:12.4,84,24,0,Callum Ilott,Juncos Hollinger Racing,Road,GPI,18
01:13.6,85,24,0,Callum Ilott,Juncos Hollinger Racing,Road,GPI,17
01:12.6,79,23,0,Callum Ilott,PREMA Racing,Road,GPI,22
01:12.3,85,14,0,Christian Lundgaard,Arrow McLaren,Road,GPI,16
01:12.9,75,8,0,Christian Lundgaard,Rahal Letterman Lanigan Racing,Road,GPI,9
01:12.0,85,6,0,Christian Lundgaard,Rahal Letterman Lanigan Racing,Road,GPI,2
01:11.8,85,1,0,Christian Lundgaard,Rahal Letterman Lanigan Racing,Road,GPI,4
01:12.8,85,2,0,Christian Lundgaard,Rahal Letterman Lanigan Racing,Road,GPI,4
01:11.4,85,2,0,Christian Lundgaard,Rahal Letterman Lanigan Racing,Road,GPI,3
01:11.8,85,20,0,Christian Rasmussen,Ed Carpenter Racing,Road,GPI,20
01:12.8,85,19,0,Christian Rasmussen,Ed Carpenter Racing,Road,GPI,19
01:11.9,64,13,1,Colton Herta,Andretti Global,Road,GPI,25
01:11.7,75,14,0,Colton Herta,Andretti Global,Road,GPI,1
01:11.9,42,9,1,Colton Herta,Andretti Global,Road,GPI,24
01:12.3,85,14,0,Colton Herta,Andretti Global,Road,GPI,9
01:13.1,85,11,0,Colton Herta,Andretti Global,Road,GPI,13
01:11.2,85,24,0,Colton Herta,Andretti Global,Road,GPI,7
01:11.9,75,4,0,Conor Daly,Ed Carpenter Racing,Road,GPI,5
01:11.7,85,10,0,Conor Daly,Ed Carpenter Racing,Road,GPI,17
01:13.1,84,21,0,Conor Daly,Ed Carpenter Racing,Road,GPI,19
01:12.3,85,22,0,Conor Daly,Juncos Hollinger Racing,Road,GPI,15
01:12.7,68,26,1,David Malukas,A.J. Foyt Enterprises,Road,GPI,23
01:13.4,75,24,0,David Malukas,Dale Coyne Racing,Road,GPI,12
01:12.0,85,11,0,David Malukas,Dale Coyne Racing,Road,GPI,13
01:18.2,2,20,1,David Malukas,Dale Coyne Racing,Road,GPI,26
01:13.5,85,27,0,David Malukas,Dale Coyne Racing,Road,GPI,16
01:12.0,73,17,0,Devlin DeFrancesco,Andretti Global,Road,GPI,21
01:12.8,85,14,0,Devlin DeFrancesco,Andretti Global,Road,GPI,18
01:12.5,84,15,0,Devlin DeFrancesco,Andretti Global,Road,GPI,17
01:13.6,84,5,0,Devlin DeFrancesco,Andretti Global,Road,GPI,19
01:12.5,85,5,0,Devlin DeFrancesco,Rahal Letterman Lanigan Racing,Road,GPI,17
01:12.1,75,6,0,Felix Rosenqvist,Arrow McLaren,Road,GPI,6
01:12.5,85,1,0,Felix Rosenqvist,Arrow McLaren,Road,GPI,9
01:12.0,85,2,0,Felix Rosenqvist,Arrow McLaren,Road,GPI,5
01:13.2,68,9,1,Felix Rosenqvist,Arrow McLaren,Road,GPI,27
01:11.3,85,10,0,Felix Rosenqvist,Meyer Shank Racing,Road,GPI,10
01:12.1,85,12,0,Felix Rosenqvist,Meyer Shank Racing,Road,GPI,10
01:13.0,75,12,0,Graham Rahal,Rahal Letterman Lanigan Racing,Road,GPI,16
01:12.6,85,17,0,Graham Rahal,Rahal Letterman Lanigan Racing,Road,GPI,7
01:12.8,85,8,0,Graham Rahal,Rahal Letterman Lanigan Racing,Road,GPI,10
01:12.6,85,1,0,Graham Rahal,Rahal Letterman Lanigan Racing,Road,GPI,2
01:12.0,85,9,0,Graham Rahal,Rahal Letterman Lanigan Racing,Road,GPI,9
01:12.4,85,2,0,Graham Rahal,Rahal Letterman Lanigan Racing,Road,GPI,6
01:12.9,67,25,1,Jacob Abel,Dale Coyne Racing,Road,GPI,24
01:12.1,60,3,0,Josef Newgarden,Team Penske,Road,GPI,25
01:12.4,85,5,0,Josef Newgarden,Team Penske,Road,GPI,5
01:12.3,85,13,0,Josef Newgarden,Team Penske,Road,GPI,7
01:13.2,83,25,0,Josef Newgarden,Team Penske,Road,GPI,25
01:12.0,85,4,0,Josef Newgarden,Team Penske,Road,GPI,17
01:11.9,85,6,0,Josef Newgarden,Team Penske,Road,GPI,12
01:12.1,85,25,0,Kyffin Simpson,Chip Ganassi Racing,Road,GPI,15
01:19.0,0,10,1,Kyffin Simpson,Chip Ganassi Racing,Road,GPI,27
01:12.3,53,22,1,Kyle Kirkwood,A.J. Foyt Enterprises,Road,GPI,26
01:13.0,84,21,0,Kyle Kirkwood,A.J. Foyt Enterprises,Road,GPI,23
01:12.1,85,6,0,Kyle Kirkwood,Andretti Global,Road,GPI,14
01:13.2,85,13,0,Kyle Kirkwood,Andretti Global,Road,GPI,9
01:12.0,85,14,0,Kyle Kirkwood,Andretti Global,Road,GPI,11
01:12.3,85,21,0,Kyle Kirkwood,Andretti Global,Road,GPI,8
01:12.7,85,3,0,Louis Foster,Rahal Letterman Lanigan Racing,Road,GPI,11
01:12.2,85,11,0,Marcus Armstrong,Chip Ganassi Racing,Road,GPI,15
01:13.9,83,7,0,Marcus Armstrong,Chip Ganassi Racing,Road,GPI,24
01:11.7,85,8,0,Marcus Armstrong,Chip Ganassi Racing,Road,GPI,5
01:12.5,85,15,0,Marcus Armstrong,Meyer Shank Racing,Road,GPI,7
01:12.0,85,21,0,Marcus Ericsson,Andretti Global,Road,GPI,16
01:13.3,6,20,1,Marcus Ericsson,Andretti Global,Road,GPI,26
01:12.8,75,18,0,Marcus Ericsson,Chip Ganassi Racing,Road,GPI,4
01:12.4,85,25,0,Marcus Ericsson,Chip Ganassi Racing,Road,GPI,11
01:12.2,85,7,0,Marcus Ericsson,Chip Ganassi Racing,Road,GPI,8
01:13.2,85,17,0,Marcus Ericsson,Chip Ganassi Racing,Road,GPI,10
01:12.3,85,18,0,Nolan Siegel,Arrow McLaren,Road,GPI,13
01:12.0,74,5,0,Pato O'Ward,Arrow McLaren,Road,GPI,19
01:12.8,85,3,0,Pato O'Ward,Arrow McLaren,Road,GPI,12
01:12.0,85,5,0,Pato O'Ward,Arrow McLaren,Road,GPI,2
01:13.2,85,4,0,Pato O'Ward,Arrow McLaren,Road,GPI,3
01:12.0,85,5,0,Pato O'Ward,Arrow McLaren,Road,GPI,13
01:12.3,85,8,0,Pato O'Ward,Arrow McLaren,Road,GPI,2
01:12.2,85,24,0,Rinus VeeKay,Dale Coyne Racing,Road,GPI,9
01:12.8,73,15,0,Rinus VeeKay,Ed Carpenter Racing,Road,GPI,23
01:12.0,85,8,0,Rinus VeeKay,Ed Carpenter Racing,Road,GPI,6
01:11.9,85,17,0,Rinus VeeKay,Ed Carpenter Racing,Road,GPI,13
01:13.2,85,19,0,Rinus VeeKay,Ed Carpenter Racing,Road,GPI,11
01:12.0,84,12,0,Rinus VeeKay,Ed Carpenter Racing,Road,GPI,26
01:12.5,85,27,0,Robert Shwartzman,PREMA Racing,Road,GPI,18
01:12.7,80,27,0,Santino Ferrucci,A.J. Foyt Enterprises,Road,GPI,23
01:13.5,84,20,0,Santino Ferrucci,A.J. Foyt Enterprises,Road,GPI,23
01:12.4,55,16,1,Santino Ferrucci,A.J. Foyt Enterprises,Road,GPI,27
01:12.9,85,11,0,Santino Ferrucci,A.J. Foyt Enterprises,Road,GPI,20
01:12.2,75,21,0,Scott Dixon,Chip Ganassi Racing,Road,GPI,10
01:12.6,85,20,0,Scott Dixon,Chip Ganassi Racing,Road,GPI,8
01:11.8,85,9,0,Scott Dixon,Chip Ganassi Racing,Road,GPI,6
01:13.3,85,15,0,Scott Dixon,Chip Ganassi Racing,Road,GPI,1
01:11.7,85,6,0,Scott Dixon,Chip Ganassi Racing,Road,GPI,4
01:12.3,85,16,0,Scott Dixon,Chip Ganassi Racing,Road,GPI,5
01:12.1,74,11,0,Scott McLaughlin,Team Penske,Road,GPI,20
01:12.1,85,15,0,Scott McLaughlin,Team Penske,Road,GPI,4
01:12.7,85,16,0,Scott McLaughlin,Team Penske,Road,GPI,16
01:13.1,85,10,0,Scott McLaughlin,Team Penske,Road,GPI,8
01:11.7,85,13,0,Scott McLaughlin,Team Penske,Road,GPI,6
01:12.5,85,4,0,Scott McLaughlin,Team Penske,Road,GPI,4
01:12.3,84,27,0,Sting Ray Robb,A.J. Foyt Enterprises,Road,GPI,22
01:19.0,1,22,1,Sting Ray Robb,Dale Coyne Racing,Road,GPI,27
01:13.9,84,23,0,Sting Ray Robb,Dale Coyne Racing,Road,GPI,22
01:12.4,85,17,0,Sting Ray Robb,Juncos Hollinger Racing,Road,GPI,21
01:12.7,75,1,0,Will Power,Team Penske,Road,GPI,3
01:12.0,85,4,0,Will Power,Team Penske,Road,GPI,3
01:12.4,85,12,0,Will Power,Team Penske,Road,GPI,12
01:13.1,85,16,0,Will Power,Team Penske,Road,GPI,6
01:11.1,85,3,0,Will Power,Team Penske,Road,GPI,2
01:12.2,85,7,0,Will Power,Team Penske,Road,GPI,3
00:40.3,200,2,0,Alex Palou,Chip Ganassi Racing,Oval,IND,9
00:39.8,200,1,0,Alex Palou,Chip Ganassi Racing,Oval,IND,4
00:40.2,200,14,0,Alex Palou,Chip Ganassi Racing,Oval,IND,5
00:40.0,200,6,0,Alex Palou,Chip Ganassi Racing,Oval,IND,1
00:40.5,200,20,0,Alexander Rossi,Andretti Global,Oval,IND,5
00:40.0,200,7,0,Alexander Rossi,Arrow McLaren,Oval,IND,5
00:40.2,200,4,0,Alexander Rossi,Arrow McLaren,Oval,IND,4
00:40.3,73,12,1,Alexander Rossi,Ed Carpenter Racing,Oval,IND,28
00:40.1,200,15,0,Callum Ilott,Arrow McLaren,Oval,IND,11
00:40.7,68,19,1,Callum Ilott,Juncos Hollinger Racing,Oval,IND,32
00:40.5,200,27,0,Callum Ilott,Juncos Hollinger Racing,Oval,IND,12
00:40.4,200,21,0,Callum Ilott,PREMA Racing,Oval,IND,33
00:40.1,200,8,0,Christian Lundgaard,Arrow McLaren,Oval,IND,7
00:40.5,200,31,0,Christian Lundgaard,Rahal Letterman Lanigan Racing,Oval,IND,18
00:40.5,198,30,0,Christian Lundgaard,Rahal Letterman Lanigan Racing,Oval,IND,19
00:39.8,200,28,0,Christian Lundgaard,Rahal Letterman Lanigan Racing,Oval,IND,13
00:39.9,200,24,0,Christian Rasmussen,Ed Carpenter Racing,Oval,IND,12
00:39.9,200,18,0,Christian Rasmussen,Ed Carpenter Racing,Oval,IND,6
00:40.2,199,27,0,Colton Herta,Andretti Global,Oval,IND,14
00:41.4,129,25,1,Colton Herta,Andretti Global,Oval,IND,30
00:40.0,200,21,0,Colton Herta,Andretti Global,Oval,IND,9
00:40.5,170,13,1,Colton Herta,Andretti Global,Oval,IND,23
00:40.3,200,29,0,Conor Daly,Dreyer & Reinbold Racing,Oval,IND,10
00:40.5,200,18,0,Conor Daly,Ed Carpenter Racing,Oval,IND,6
00:40.1,200,16,0,Conor Daly,Ed Carpenter Racing,Oval,IND,8
00:40.1,200,11,0,Conor Daly,Juncos Hollinger Racing,Oval,IND,8
00:40.3,200,7,0,David Malukas,A.J. Foyt Enterprises,Oval,IND,2
00:40.5,200,13,0,David Malukas,Dale Coyne Racing,Oval,IND,16
00:39.8,160,23,1,David Malukas,Dale Coyne Racing,Oval,IND,29
00:40.9,200,24,0,Devlin DeFrancesco,Andretti Global,Oval,IND,20
00:40.2,200,25,0,Devlin DeFrancesco,Andretti Global,Oval,IND,13
00:40.5,200,16,0,Devlin DeFrancesco,Rahal Letterman Lanigan Racing,Oval,IND,11
00:40.2,200,8,0,Felix Rosenqvist,Arrow McLaren,Oval,IND,4
00:40.0,183,3,1,Felix Rosenqvist,Arrow McLaren,Oval,IND,27
00:40.1,55,9,1,Felix Rosenqvist,Meyer Shank Racing,Oval,IND,27
00:40.1,200,5,0,Felix Rosenqvist,Meyer Shank Racing,Oval,IND,4
00:40.3,195,33,0,Graham Rahal,Dreyer & Reinbold Racing,Oval,IND,22
00:40.6,200,21,0,Graham Rahal,Rahal Letterman Lanigan Racing,Oval,IND,14
00:39.9,200,33,0,Graham Rahal,Rahal Letterman Lanigan Racing,Oval,IND,15
00:40.5,199,28,0,Graham Rahal,Rahal Letterman Lanigan Racing,Oval,IND,17
00:40.4,200,14,0,Josef Newgarden,Team Penske,Oval,IND,13
00:40.1,200,17,0,Josef Newgarden,Team Penske,Oval,IND,1
00:40.2,200,3,0,Josef Newgarden,Team Penske,Oval,IND,1
00:40.2,135,32,1,Josef Newgarden,Team Penske,Oval,IND,22
00:40.2,200,18,0,Kyffin Simpson,Chip Ganassi Racing,Oval,IND,21
00:40.2,91,13,1,Kyffin Simpson,Chip Ganassi Racing,Oval,IND,25
00:40.5,200,28,0,Kyle Kirkwood,A.J. Foyt Enterprises,Oval,IND,17
00:39.9,183,15,1,Kyle Kirkwood,Andretti Global,Oval,IND,28
00:39.9,200,11,0,Kyle Kirkwood,Andretti Global,Oval,IND,7
00:40.1,200,23,0,Kyle Kirkwood,Andretti Global,Oval,IND,32
00:40.6,200,20,0,Louis Foster,Rahal Letterman Lanigan Racing,Oval,IND,12
01:11.2,6,16,1,Marcus Armstrong,Chip Ganassi Racing,Oval,IND,30
00:40.3,198,30,0,Marcus Armstrong,Meyer Shank Racing,Oval,IND,18
01:11.2,0,32,1,Marcus Ericsson,Andretti Global,Oval,IND,33
00:40.3,200,9,0,Marcus Ericsson,Andretti Global,Oval,IND,31
00:40.0,200,5,0,Marcus Ericsson,Chip Ganassi Racing,Oval,IND,1
00:40.1,200,10,0,Marcus Ericsson,Chip Ganassi Racing,Oval,IND,2
00:40.0,199,24,1,Nolan Siegel,Arrow McLaren,Oval,IND,13
00:40.0,200,7,0,Pato O'Ward,Arrow McLaren,Oval,IND,2
00:40.2,192,5,1,Pato O'Ward,Arrow McLaren,Oval,IND,24
00:40.0,200,8,0,Pato O'Ward,Arrow McLaren,Oval,IND,2
00:39.8,200,3,0,Pato O'Ward,Arrow McLaren,Oval,IND,3
00:40.7,81,31,1,Rinus VeeKay,Dale Coyne Racing,Oval,IND,27
00:40.5,38,3,1,Rinus VeeKay,Ed Carpenter Racing,Oval,IND,33
00:40.1,200,2,0,Rinus VeeKay,Ed Carpenter Racing,Oval,IND,10
00:40.2,200,7,0,Rinus VeeKay,Ed Carpenter Racing,Oval,IND,9
00:40.1,87,1,1,Robert Shwartzman,PREMA Racing,Oval,IND,26
00:40.1,200,4,0,Santino Ferrucci,A.J. Foyt Enterprises,Oval,IND,3
00:40.0,200,6,0,Santino Ferrucci,A.J. Foyt Enterprises,Oval,IND,8
00:39.9,200,15,0,Santino Ferrucci,A.J. Foyt Enterprises,Oval,IND,5
00:40.4,200,15,0,Santino Ferrucci,Dreyer & Reinbold Racing,Oval,IND,10
00:40.3,200,1,0,Scott Dixon,Chip Ganassi Racing,Oval,IND,21
00:40.2,200,6,0,Scott Dixon,Chip Ganassi Racing,Oval,IND,6
00:40.2,200,21,0,Scott Dixon,Chip Ganassi Racing,Oval,IND,3
00:39.9,197,4,0,Scott Dixon,Chip Ganassi Racing,Oval,IND,20
00:40.5,150,26,1,Scott McLaughlin,Team Penske,Oval,IND,29
00:40.1,200,14,0,Scott McLaughlin,Team Penske,Oval,IND,14
00:40.2,200,1,0,Scott McLaughlin,Team Penske,Oval,IND,6
01:11.2,0,10,1,Scott McLaughlin,Team Penske,Oval,IND,30
00:40.0,200,23,0,Sting Ray Robb,A.J. Foyt Enterprises,Oval,IND,16
00:40.2,90,31,1,Sting Ray Robb,Dale Coyne Racing,Oval,IND,31
00:40.3,91,17,1,Sting Ray Robb,Juncos Hollinger Racing,Oval,IND,23
00:40.2,200,11,0,Will Power,Team Penske,Oval,IND,15
00:40.2,195,12,0,Will Power,Team Penske,Oval,IND,23
00:40.5,145,2,1,Will Power,Team Penske,Oval,IND,24
00:40.0,199,33,0,Will Power,Team Penske,Oval,IND,16
00:19.7,249,14,0,Alex Palou,Chip Ganassi Racing,Oval,IOW,6
00:19.6,299,11,0,Alex Palou,Chip Ganassi Racing,Oval,IOW,13
00:19.6,249,7,0,Alex Palou,Chip Ganassi Racing,Oval,IOW,8
00:19.4,250,12,0,Alex Palou,Chip Ganassi Racing,Oval,IOW,3
00:18.4,250,2,0,Alex Palou,Chip Ganassi Racing,Oval,IOW,2
00:18.7,175,3,1,Alex Palou,Chip Ganassi Racing,Oval,IOW,23
00:19.9,249,19,0,Alexander Rossi,Andretti Global,Oval,IOW,13
00:19.8,296,21,0,Alexander Rossi,Andretti Global,Oval,IOW,18
00:19.7,249,20,0,Alexander Rossi,Arrow McLaren,Oval,IOW,10
00:19.8,248,18,0,Alexander Rossi,Arrow McLaren,Oval,IOW,15
00:18.5,249,6,1,Alexander Rossi,Arrow McLaren,Oval,IOW,15
00:18.7,250,7,0,Alexander Rossi,Arrow McLaren,Oval,IOW,8
00:20.0,249,22,0,Callum Ilott,Juncos Hollinger Racing,Oval,IOW,12
00:19.7,300,22,0,Callum Ilott,Juncos Hollinger Racing,Oval,IOW,11
00:19.7,247,23,0,Callum Ilott,Juncos Hollinger Racing,Oval,IOW,15
00:19.9,248,24,0,Callum Ilott,Juncos Hollinger Racing,Oval,IOW,14
00:20.0,249,20,0,Christian Lundgaard,Rahal Letterman Lanigan Racing,Oval,IOW,10
00:19.5,112,17,1,Christian Lundgaard,Rahal Letterman Lanigan Racing,Oval,IOW,26
00:19.7,246,19,0,Christian Lundgaard,Rahal Letterman Lanigan Racing,Oval,IOW,20
00:19.5,249,21,0,Christian Lundgaard,Rahal Letterman Lanigan Racing,Oval,IOW,13
00:18.8,249,18,0,Christian Lundgaard,Rahal Letterman Lanigan Racing,Oval,IOW,17
00:18.5,178,23,1,Christian Lundgaard,Rahal Letterman Lanigan Racing,Oval,IOW,22
00:19.9,242,17,0,Colton Herta,Andretti Global,Oval,IOW,24
00:19.5,299,12,0,Colton Herta,Andretti Global,Oval,IOW,12
00:19.8,246,6,0,Colton Herta,Andretti Global,Oval,IOW,19
00:19.6,249,5,0,Colton Herta,Andretti Global,Oval,IOW,7
00:18.6,250,4,0,Colton Herta,Andretti Global,Oval,IOW,5
00:18.5,250,1,0,Colton Herta,Andretti Global,Oval,IOW,11
00:19.0,140,27,1,Conor Daly,Dale Coyne Racing,Oval,IOW,27
00:19.8,249,3,0,Conor Daly,Ed Carpenter Racing,Oval,IOW,19
00:19.7,298,3,0,Conor Daly,Ed Carpenter Racing,Oval,IOW,16
00:19.6,245,22,0,Conor Daly,Meyer Shank Racing,Oval,IOW,21
00:19.5,248,15,0,Conor Daly,Meyer Shank Racing,Oval,IOW,17
00:20.1,249,6,0,David Malukas,Dale Coyne Racing,Oval,IOW,14
00:19.5,300,14,0,David Malukas,Dale Coyne Racing,Oval,IOW,8
00:19.7,248,9,0,David Malukas,Dale Coyne Racing,Oval,IOW,12
00:19.4,249,3,0,David Malukas,Dale Coyne Racing,Oval,IOW,8
00:18.8,250,9,0,David Malukas,Meyer Shank Racing,Oval,IOW,13
00:20.4,0,14,1,David Malukas,Meyer Shank Racing,Oval,IOW,26
00:20.3,249,18,0,Devlin DeFrancesco,Andretti Global,Oval,IOW,17
00:19.7,298,25,0,Devlin DeFrancesco,Andretti Global,Oval,IOW,15
00:20.0,245,12,0,Devlin DeFrancesco,Andretti Global,Oval,IOW,22
00:20.2,246,19,0,Devlin DeFrancesco,Andretti Global,Oval,IOW,21
00:20.0,109,11,1,Felix Rosenqvist,Arrow McLaren,Oval,IOW,26
00:19.6,300,9,0,Felix Rosenqvist,Arrow McLaren,Oval,IOW,7
00:19.2,248,21,0,Felix Rosenqvist,Arrow McLaren,Oval,IOW,13
00:19.2,250,16,0,Felix Rosenqvist,Arrow McLaren,Oval,IOW,4
00:18.8,184,5,1,Felix Rosenqvist,Meyer Shank Racing,Oval,IOW,26
00:18.9,250,11,0,Felix Rosenqvist,Meyer Shank Racing,Oval,IOW,13
00:20.0,249,16,0,Graham Rahal,Rahal Letterman Lanigan Racing,Oval,IOW,9
00:19.6,299,23,0,Graham Rahal,Rahal Letterman Lanigan Racing,Oval,IOW,14
00:19.6,149,13,1,Graham Rahal,Rahal Letterman Lanigan Racing,Oval,IOW,28
00:19.9,247,6,0,Graham Rahal,Rahal Letterman Lanigan Racing,Oval,IOW,20
00:18.5,250,8,0,Graham Rahal,Rahal Letterman Lanigan Racing,Oval,IOW,8
00:18.9,249,21,0,Graham Rahal,Rahal Letterman Lanigan Racing,Oval,IOW,16
00:19.5,250,2,0,Josef Newgarden,Team Penske,Oval,IOW,1
00:19.4,235,2,1,Josef Newgarden,Team Penske,Oval,IOW,24
00:19.2,250,3,0,Josef Newgarden,Team Penske,Oval,IOW,1
00:19.1,250,7,0,Josef Newgarden,Team Penske,Oval,IOW,1
00:18.0,250,14,0,Josef Newgarden,Team Penske,Oval,IOW,7
00:18.1,250,22,0,Josef Newgarden,Team Penske,Oval,IOW,3
00:18.5,249,23,0,Kyffin Simpson,Chip Ganassi Racing,Oval,IOW,18
00:19.0,250,27,0,Kyffin Simpson,Chip Ganassi Racing,Oval,IOW,14
00:20.2,249,24,0,Kyle Kirkwood,A.J. Foyt Enterprises,Oval,IOW,15
00:20.0,117,20,1,Kyle Kirkwood,A.J. Foyt Enterprises,Oval,IOW,25
00:19.7,249,17,0,Kyle Kirkwood,Andretti Global,Oval,IOW,7
00:19.8,249,17,0,Kyle Kirkwood,Andretti Global,Oval,IOW,11
00:18.8,249,12,1,Kyle Kirkwood,Andretti Global,Oval,IOW,16
00:18.9,250,19,0,Kyle Kirkwood,Andretti Global,Oval,IOW,7
00:18.4,249,25,0,Marcus Armstrong,Chip Ganassi Racing,Oval,IOW,19
00:19.0,250,9,0,Marcus Armstrong,Chip Ganassi Racing,Oval,IOW,10
00:18.8,248,21,0,Marcus Ericsson,Andretti Global,Oval,IOW,23
00:18.8,250,10,0,Marcus Ericsson,Andretti Global,Oval,IOW,9
00:19.6,249,12,0,Marcus Ericsson,Chip Ganassi Racing,Oval,IOW,8
00:19.6,300,15,0,Marcus Ericsson,Chip Ganassi Racing,Oval,IOW,6
00:19.3,250,10,0,Marcus Ericsson,Chip Ganassi Racing,Oval,IOW,4
00:19.1,249,10,0,Marcus Ericsson,Chip Ganassi Racing,Oval,IOW,9
00:18.5,250,11,0,Nolan Siegel,Arrow McLaren,Oval,IOW,14
00:19.0,250,15,0,Nolan Siegel,Arrow McLaren,Oval,IOW,12
00:19.6,250,4,0,Pato O'Ward,Arrow McLaren,Oval,IOW,2
00:19.2,300,7,0,Pato O'Ward,Arrow McLaren,Oval,IOW,1
00:19.3,250,5,0,Pato O'Ward,Arrow McLaren,Oval,IOW,3
00:19.4,249,11,0,Pato O'Ward,Arrow McLaren,Oval,IOW,10
00:18.3,250,7,0,Pato O'Ward,Arrow McLaren,Oval,IOW,6
00:18.5,250,6,0,Pato O'Ward,Arrow McLaren,Oval,IOW,2
00:19.5,250,8,0,Rinus VeeKay,Ed Carpenter Racing,Oval,IOW,4
00:19.8,296,8,0,Rinus VeeKay,Ed Carpenter Racing,Oval,IOW,19
00:19.9,247,15,0,Rinus VeeKay,Ed Carpenter Racing,Oval,IOW,17
00:19.7,248,14,0,Rinus VeeKay,Ed Carpenter Racing,Oval,IOW,18
00:18.7,250,15,0,Rinus VeeKay,Ed Carpenter Racing,Oval,IOW,9
00:18.7,250,13,0,Rinus VeeKay,Ed Carpenter Racing,Oval,IOW,5
00:20.0,241,25,0,Santino Ferrucci,A.J. Foyt Enterprises,Oval,IOW,26
00:20.2,245,27,0,Santino Ferrucci,A.J. Foyt Enterprises,Oval,IOW,22
00:18.5,250,19,0,Santino Ferrucci,A.J. Foyt Enterprises,Oval,IOW,11
00:18.9,250,8,0,Santino Ferrucci,A.J. Foyt Enterprises,Oval,IOW,6
00:19.9,250,13,0,Scott Dixon,Chip Ganassi Racing,Oval,IOW,5
00:19.4,300,18,0,Scott Dixon,Chip Ganassi Racing,Oval,IOW,4
00:19.6,249,4,0,Scott Dixon,Chip Ganassi Racing,Oval,IOW,6
00:19.4,249,9,0,Scott Dixon,Chip Ganassi Racing,Oval,IOW,6
00:18.3,250,3,0,Scott Dixon,Chip Ganassi Racing,Oval,IOW,4
00:18.5,250,5,0,Scott Dixon,Chip Ganassi Racing,Oval,IOW,4
00:19.8,244,5,0,Scott McLaughlin,Team Penske,Oval,IOW,22
00:19.3,300,5,0,Scott McLaughlin,Team Penske,Oval,IOW,3
00:18.9,250,2,0,Scott McLaughlin,Team Penske,Oval,IOW,2
00:19.2,250,2,0,Scott McLaughlin,Team Penske,Oval,IOW,5
00:18.2,250,1,0,Scott McLaughlin,Team Penske,Oval,IOW,3
00:18.4,250,2,0,Scott McLaughlin,Team Penske,Oval,IOW,1
00:18.9,248,20,1,Sting Ray Robb,A.J. Foyt Enterprises,Oval,IOW,21
00:19.1,250,24,0,Sting Ray Robb,A.J. Foyt Enterprises,Oval,IOW,15
00:20.0,242,27,0,Sting Ray Robb,Dale Coyne Racing,Oval,IOW,25
00:20.4,152,26,1,Sting Ray Robb,Dale Coyne Racing,Oval,IOW,28
00:19.5,250,1,0,Will Power,Team Penske,Oval,IOW,3
00:19.2,300,1,0,Will Power,Team Penske,Oval,IOW,2
00:19.3,250,1,0,Will Power,Team Penske,Oval,IOW,5
00:19.0,250,1,0,Will Power,Team Penske,Oval,IOW,2
00:18.4,250,22,0,Will Power,Team Penske,Oval,IOW,1
00:18.9,241,4,0,Will Power,Team Penske,Oval,IOW,18
01:07.2,85,3,0,Alex Palou,Chip Ganassi Racing,Street,LB,3
01:07.9,85,4,0,Alex Palou,Chip Ganassi Racing,Street,LB,5
01:07.9,85,6,0,Alex Palou,Chip Ganassi Racing,Street,LB,3
01:08.5,90,3,0,Alex Palou,Chip Ganassi Racing,Street,LB,2
01:07.7,85,5,0,Alexander Rossi,Andretti Global,Street,LB,8
01:08.5,83,11,1,Alexander Rossi,Arrow McLaren,Street,LB,22
01:08.5,85,13,0,Alexander Rossi,Arrow McLaren,Street,LB,10
01:09.0,90,8,0,Alexander Rossi,Ed Carpenter Racing,Street,LB,15
01:07.9,55,21,1,Callum Ilott,Juncos Hollinger Racing,Street,LB,24
01:08.7,84,22,0,Callum Ilott,Juncos Hollinger Racing,Street,LB,19
01:09.3,89,22,0,Callum Ilott,PREMA Racing,Street,LB,21
01:08.7,90,12,0,Christian Lundgaard,Arrow McLaren,Street,LB,3
01:07.5,83,19,0,Christian Lundgaard,Rahal Letterman Lanigan Racing,Street,LB,18
01:08.7,85,17,0,Christian Lundgaard,Rahal Letterman Lanigan Racing,Street,LB,14
01:09.2,84,7,0,Christian Lundgaard,Rahal Letterman Lanigan Racing,Street,LB,23
01:09.4,14,21,1,Christian Rasmussen,Ed Carpenter Racing,Street,LB,27
01:09.3,89,18,0,Christian Rasmussen,Ed Carpenter Racing,Street,LB,23
01:08.4,90,2,0,Colton Herta,Andretti Global,Street,LB,7
01:07.3,55,1,1,Colton Herta,Andretti Global,Street,LB,23
01:08.3,85,7,0,Colton Herta,Andretti Global,Street,LB,4
01:08.0,85,4,0,Colton Herta,Andretti Global,Street,LB,2
01:07.9,85,17,0,Conor Daly,Ed Carpenter Racing,Street,LB,12
01:09.3,83,27,0,Conor Daly,Ed Carpenter Racing,Street,LB,23
01:09.5,88,21,0,Conor Daly,Juncos Hollinger Racing,Street,LB,25
01:08.7,90,10,0,David Malukas,A.J. Foyt Enterprises,Street,LB,17
01:07.8,72,18,1,David Malukas,Dale Coyne Racing,Street,LB,21
01:08.7,84,25,0,David Malukas,Dale Coyne Racing,Street,LB,20
01:08.4,35,23,1,Devlin DeFrancesco,Andretti Global,Street,LB,25
01:08.9,85,20,0,Devlin DeFrancesco,Andretti Global,Street,LB,16
01:08.8,89,23,0,Devlin DeFrancesco,Rahal Letterman Lanigan Racing,Street,LB,24
01:08.0,85,4,0,Felix Rosenqvist,Arrow McLaren,Street,LB,11
01:08.7,85,10,0,Felix Rosenqvist,Arrow McLaren,Street,LB,7
01:08.0,85,1,0,Felix Rosenqvist,Meyer Shank Racing,Street,LB,9
01:08.9,90,4,0,Felix Rosenqvist,Meyer Shank Racing,Street,LB,4
01:07.6,85,13,0,Graham Rahal,Rahal Letterman Lanigan Racing,Street,LB,7
01:08.9,85,24,0,Graham Rahal,Rahal Letterman Lanigan Racing,Street,LB,12
01:09.2,85,12,0,Graham Rahal,Rahal Letterman Lanigan Racing,Street,LB,17
01:09.2,89,16,0,Graham Rahal,Rahal Letterman Lanigan Racing,Street,LB,22
01:09.8,88,26,0,Jacob Abel,Dale Coyne Racing,Street,LB,26
01:07.4,85,2,0,Josef Newgarden,Team Penske,Street,LB,1
01:08.5,85,8,0,Josef Newgarden,Team Penske,Street,LB,9
01:07.8,85,3,0,Josef Newgarden,Team Penske,Street,LB,4
01:08.3,88,15,0,Josef Newgarden,Team Penske,Street,LB,27
01:08.9,84,26,0,Kyffin Simpson,Chip Ganassi Racing,Street,LB,19
01:08.1,90,17,0,Kyffin Simpson,Chip Ganassi Racing,Street,LB,10
01:07.9,85,12,0,Kyle Kirkwood,A.J. Foyt Enterprises,Street,LB,10
01:08.0,85,1,0,Kyle Kirkwood,Andretti Global,Street,LB,1
01:08.5,85,10,0,Kyle Kirkwood,Andretti Global,Street,LB,7
01:08.5,90,1,0,Kyle Kirkwood,Andretti Global,Street,LB,1
01:08.8,90,20,0,Louis Foster,Rahal Letterman Lanigan Racing,Street,LB,16
01:08.7,85,12,0,Marcus Armstrong,Chip Ganassi Racing,Street,LB,8
01:09.2,85,9,0,Marcus Armstrong,Chip Ganassi Racing,Street,LB,12
01:08.7,90,7,0,Marcus Armstrong,Meyer Shank Racing,Street,LB,14
01:07.8,85,5,0,Marcus Ericsson,Andretti Global,Street,LB,5
01:08.8,90,5,0,Marcus Ericsson,Andretti Global,Street,LB,12
01:07.3,66,8,1,Marcus Ericsson,Chip Ganassi Racing,Street,LB,22
01:08.0,85,2,0,Marcus Ericsson,Chip Ganassi Racing,Street,LB,3
01:08.6,90,11,0,Nolan Siegel,Arrow McLaren,Street,LB,20
01:08.8,84,27,0,Nolan Siegel,Dale Coyne Racing,Street,LB,20
01:07.7,85,11,0,Pato O'Ward,Arrow McLaren,Street,LB,5
01:08.7,84,6,0,Pato O'Ward,Arrow McLaren,Street,LB,17
01:08.3,85,14,0,Pato O'Ward,Arrow McLaren,Street,LB,16
01:09.0,90,9,0,Pato O'Ward,Arrow McLaren,Street,LB,13
01:09.0,90,25,0,Rinus VeeKay,Dale Coyne Racing,Street,LB,19
01:08.2,85,15,0,Rinus VeeKay,Ed Carpenter Racing,Street,LB,13
01:09.3,48,19,1,Rinus VeeKay,Ed Carpenter Racing,Street,LB,26
01:08.5,85,18,0,Rinus VeeKay,Ed Carpenter Racing,Street,LB,14
01:08.7,90,24,0,Robert Shwartzman,PREMA Racing,Street,LB,18
01:08.9,85,18,0,Santino Ferrucci,A.J. Foyt Enterprises,Street,LB,11
01:08.5,84,24,0,Santino Ferrucci,A.J. Foyt Enterprises,Street,LB,21
01:08.7,90,27,0,Santino Ferrucci,A.J. Foyt Enterprises,Street,LB,11
01:07.5,85,16,0,Scott Dixon,Chip Ganassi Racing,Street,LB,6
01:08.7,37,5,1,Scott Dixon,Chip Ganassi Racing,Street,LB,27
01:08.5,85,8,0,Scott Dixon,Chip Ganassi Racing,Street,LB,1
01:08.4,90,14,0,Scott Dixon,Chip Ganassi Racing,Street,LB,8
01:08.0,85,9,0,Scott McLaughlin,Team Penske,Street,LB,14
01:08.8,85,9,0,Scott McLaughlin,Team Penske,Street,LB,10
01:09.1,71,11,0,Scott McLaughlin,Team Penske,Street,LB,26
01:08.8,90,6,0,Scott McLaughlin,Team Penske,Street,LB,6
01:09.0,85,25,0,Sting Ray Robb,A.J. Foyt Enterprises,Street,LB,18
01:09.2,84,21,0,Sting Ray Robb,Dale Coyne Racing,Street,LB,18
01:08.8,90,19,0,Sting Ray Robb,Juncos Hollinger Racing,Street,LB,9
01:07.3,85,7,0,Will Power,Team Penske,Street,LB,4
01:08.7,85,13,0,Will Power,Team Penske,Street,LB,6
01:08.3,85,2,0,Will Power,Team Penske,Street,LB,6
01:08.6,90,13,0,Will Power,Team Penske,Street,LB,5
00:24.5,250,12,0,Alex Palou,Chip Ganassi Racing,Oval,MIL,5
00:24.2,221,10,0,Alex Palou,Chip Ganassi Racing,Oval,MIL,19
00:24.5,250,3,0,Alexander Rossi,Arrow McLaren,Oval,MIL,7
00:24.0,250,6,0,Alexander Rossi,Arrow McLaren,Oval,MIL,6
00:24.8,250,26,0,Christian Lundgaard,Rahal Letterman Lanigan Racing,Oval,MIL,9
00:24.3,248,25,0,Christian Lundgaard,Rahal Letterman Lanigan Racing,Oval,MIL,12
00:24.5,250,23,0,Christian Rasmussen,Ed Carpenter Racing,Oval,MIL,11
00:24.2,243,23,0,Christian Rasmussen,Ed Carpenter Racing,Oval,MIL,16
00:24.0,246,10,0,Colton Herta,Andretti Global,Oval,MIL,22
00:24.1,250,18,0,Colton Herta,Andretti Global,Oval,MIL,3
00:24.3,250,25,0,Conor Daly,Juncos Hollinger Racing,Oval,MIL,3
00:23.9,230,20,1,Conor Daly,Juncos Hollinger Racing,Oval,MIL,17
00:24.0,249,2,0,David Malukas,Meyer Shank Racing,Oval,MIL,15
00:23.8,126,9,1,David Malukas,Meyer Shank Racing,Oval,MIL,22
00:24.5,250,8,0,Felix Rosenqvist,Meyer Shank Racing,Oval,MIL,13
00:24.1,249,8,0,Felix Rosenqvist,Meyer Shank Racing,Oval,MIL,11
00:24.9,248,21,0,Graham Rahal,Rahal Letterman Lanigan Racing,Oval,MIL,20
00:24.6,123,26,1,Graham Rahal,Rahal Letterman Lanigan Racing,Oval,MIL,23
00:24.8,146,11,1,Josef Newgarden,Team Penske,Oval,MIL,26
00:42.5,5,1,1,Josef Newgarden,Team Penske,Oval,MIL,27
00:25.1,238,22,0,Kyffin Simpson,Chip Ganassi Racing,Oval,MIL,25
00:24.7,248,24,0,Kyffin Simpson,Chip Ganassi Racing,Oval,MIL,13
00:24.7,250,15,0,Kyle Kirkwood,Andretti Global,Oval,MIL,12
00:24.2,250,19,0,Kyle Kirkwood,Andretti Global,Oval,MIL,8
00:24.1,247,16,0,Marcus Armstrong,Chip Ganassi Racing,Oval,MIL,21
00:41.5,6,3,1,Marcus Armstrong,Chip Ganassi Racing,Oval,MIL,26
00:24.5,146,7,1,Marcus Ericsson,Andretti Global,Oval,MIL,27
00:24.2,250,16,0,Marcus Ericsson,Andretti Global,Oval,MIL,5
00:24.5,249,24,0,Nolan Siegel,Arrow McLaren,Oval,MIL,17
00:24.6,24,11,1,Nolan Siegel,Arrow McLaren,Oval,MIL,25
00:23.8,250,6,0,Pato O'Ward,Arrow McLaren,Oval,MIL,1
00:24.2,87,7,1,Pato O'Ward,Arrow McLaren,Oval,MIL,24
00:24.3,249,13,0,Rinus VeeKay,Ed Carpenter Racing,Oval,MIL,14
00:24.3,250,15,0,Rinus VeeKay,Ed Carpenter Racing,Oval,MIL,7
00:24.1,250,19,0,Santino Ferrucci,A.J. Foyt Enterprises,Oval,MIL,4
00:24.2,250,12,0,Santino Ferrucci,A.J. Foyt Enterprises,Oval,MIL,4
00:24.4,250,17,0,Scott Dixon,Chip Ganassi Racing,Oval,MIL,10
00:23.5,250,17,0,Scott Dixon,Chip Ganassi Racing,Oval,MIL,2
00:23.6,250,1,0,Scott McLaughlin,Team Penske,Oval,MIL,8
00:23.6,250,2,0,Scott McLaughlin,Team Penske,Oval,MIL,1
00:24.8,244,20,0,Sting Ray Robb,A.J. Foyt Enterprises,Oval,MIL,23
00:24.7,221,21,1,Sting Ray Robb,A.J. Foyt Enterprises,Oval,MIL,18
00:24.2,250,5,0,Will Power,Team Penske,Oval,MIL,2
00:23.7,250,4,0,Will Power,Team Penske,Oval,MIL,10
01:08.3,80,7,0,Alex Palou,Chip Ganassi Racing,Road,MOH,2
01:08.7,80,4,0,Alex Palou,Chip Ganassi Racing,Road,MOH,1
01:07.5,80,1,0,Alex Palou,Chip Ganassi Racing,Road,MOH,2
01:09.5,80,12,0,Alexander Rossi,Andretti Global,Road,MOH,19
01:09.1,80,13,0,Alexander Rossi,Arrow McLaren,Road,MOH,10
01:07.6,80,7,0,Alexander Rossi,Arrow McLaren,Road,MOH,6
01:10.2,57,10,1,Callum Ilott,Juncos Hollinger Racing,Road,MOH,23
01:08.9,80,20,0,Callum Ilott,Juncos Hollinger Racing,Road,MOH,16
01:08.9,80,16,0,Christian Lundgaard,Rahal Letterman Lanigan Racing,Road,MOH,11
01:09.2,80,5,0,Christian Lundgaard,Rahal Letterman Lanigan Racing,Road,MOH,4
01:07.7,80,9,0,Christian Lundgaard,Rahal Letterman Lanigan Racing,Road,MOH,7
01:07.8,80,8,0,Christian Rasmussen,Ed Carpenter Racing,Road,MOH,9
01:09.1,80,3,0,Colton Herta,Andretti Global,Road,MOH,15
01:09.1,80,1,0,Colton Herta,Andretti Global,Road,MOH,11
01:07.4,80,4,0,Colton Herta,Andretti Global,Road,MOH,4
01:10.3,80,22,0,Conor Daly,Ed Carpenter Racing,Road,MOH,13
01:09.5,80,27,0,Conor Daly,Meyer Shank Racing,Road,MOH,20
01:09.3,80,8,0,David Malukas,Dale Coyne Racing,Road,MOH,9
01:09.2,80,12,0,David Malukas,Dale Coyne Racing,Road,MOH,6
01:07.7,80,3,0,David Malukas,Meyer Shank Racing,Road,MOH,12
01:10.1,80,20,0,Devlin DeFrancesco,Andretti Global,Road,MOH,17
01:09.6,80,24,0,Devlin DeFrancesco,Andretti Global,Road,MOH,14
01:09.8,8,4,1,Felix Rosenqvist,Arrow McLaren,Road,MOH,27
01:07.9,79,10,0,Felix Rosenqvist,Arrow McLaren,Road,MOH,25
01:07.5,80,19,0,Felix Rosenqvist,Meyer Shank Racing,Road,MOH,14
01:09.9,80,18,0,Graham Rahal,Rahal Letterman Lanigan Racing,Road,MOH,12
01:09.1,80,2,0,Graham Rahal,Rahal Letterman Lanigan Racing,Road,MOH,7
01:07.7,80,18,0,Graham Rahal,Rahal Letterman Lanigan Racing,Road,MOH,18
01:08.9,80,14,0,Josef Newgarden,Team Penske,Road,MOH,7
01:09.6,80,15,0,Josef Newgarden,Team Penske,Road,MOH,12
01:06.5,79,17,0,Josef Newgarden,Team Penske,Road,MOH,25
01:07.4,80,23,0,Kyffin Simpson,Chip Ganassi Racing,Road,MOH,21
01:10.2,28,9,1,Kyle Kirkwood,A.J. Foyt Enterprises,Road,MOH,26
01:09.3,80,3,0,Kyle Kirkwood,Andretti Global,Road,MOH,17
01:07.6,80,14,0,Kyle Kirkwood,Andretti Global,Road,MOH,8
01:09.4,80,18,0,Marcus Armstrong,Chip Ganassi Racing,Road,MOH,9
01:07.4,80,11,0,Marcus Armstrong,Chip Ganassi Racing,Road,MOH,17
01:07.6,80,5,0,Marcus Ericsson,Andretti Global,Road,MOH,5
01:09.1,80,13,0,Marcus Ericsson,Chip Ganassi Racing,Road,MOH,6
01:18.5,5,9,1,Marcus Ericsson,Chip Ganassi Racing,Road,MOH,27
01:07.7,80,16,0,Nolan Siegel,Arrow McLaren,Road,MOH,20
01:09.5,52,1,1,Pato O'Ward,Arrow McLaren,Road,MOH,24
01:08.4,80,25,0,Pato O'Ward,Arrow McLaren,Road,MOH,8
01:07.4,80,2,0,Pato O'Ward,Arrow McLaren,Road,MOH,1
01:08.7,80,11,0,Rinus VeeKay,Ed Carpenter Racing,Road,MOH,4
01:09.8,80,16,0,Rinus VeeKay,Ed Carpenter Racing,Road,MOH,15
01:07.7,80,20,0,Rinus VeeKay,Ed Carpenter Racing,Road,MOH,19
01:09.5,79,26,0,Santino Ferrucci,A.J. Foyt Enterprises,Road,MOH,24
01:07.8,80,21,0,Santino Ferrucci,A.J. Foyt Enterprises,Road,MOH,10
01:09.4,80,5,0,Scott Dixon,Chip Ganassi Racing,Road,MOH,5
01:08.8,80,6,0,Scott Dixon,Chip Ganassi Racing,Road,MOH,2
01:07.2,40,13,1,Scott Dixon,Chip Ganassi Racing,Road,MOH,27
01:09.0,80,2,0,Scott McLaughlin,Team Penske,Road,MOH,1
01:09.2,80,8,0,Scott McLaughlin,Team Penske,Road,MOH,5
01:07.3,80,6,0,Scott McLaughlin,Team Penske,Road,MOH,3
01:07.7,80,25,0,Sting Ray Robb,A.J. Foyt Enterprises,Road,MOH,16
01:09.6,79,22,0,Sting Ray Robb,Dale Coyne Racing,Road,MOH,22
01:08.9,80,21,0,Will Power,Team Penske,Road,MOH,3
01:09.0,80,7,0,Will Power,Team Penske,Road,MOH,3
01:07.8,80,15,0,Will Power,Team Penske,Road,MOH,11
00:24.9,205,24,0,Alex Palou,Chip Ganassi Racing,Oval,NAS,11
00:24.9,205,26,0,Alexander Rossi,Arrow McLaren,Oval,NAS,15
00:25.2,204,21,0,Christian Lundgaard,Rahal Letterman Lanigan Racing,Oval,NAS,19
00:24.7,205,25,0,Christian Rasmussen,Ed Carpenter Racing,Oval,NAS,14
00:24.6,206,9,0,Colton Herta,Andretti Global,Oval,NAS,1
00:24.9,205,6,0,Conor Daly,Juncos Hollinger Racing,Oval,NAS,10
00:24.7,206,5,0,David Malukas,Meyer Shank Racing,Oval,NAS,9
00:24.5,55,3,1,Felix Rosenqvist,Meyer Shank Racing,Oval,NAS,27
00:25.1,202,19,0,Graham Rahal,Rahal Letterman Lanigan Racing,Oval,NAS,23
00:24.5,206,2,0,Josef Newgarden,Team Penske,Oval,NAS,3
00:25.1,202,17,0,Kyffin Simpson,Chip Ganassi Racing,Oval,NAS,22
00:24.6,206,1,0,Kyle Kirkwood,Andretti Global,Oval,NAS,4
00:25.1,206,12,0,Marcus Armstrong,Chip Ganassi Racing,Oval,NAS,7
00:24.9,137,15,1,Marcus Ericsson,Andretti Global,Oval,NAS,25
00:25.2,204,27,0,Nolan Siegel,Arrow McLaren,Oval,NAS,18
00:24.3,206,7,0,Pato O'Ward,Arrow McLaren,Oval,NAS,2
00:24.6,205,10,0,Rinus VeeKay,Ed Carpenter Racing,Oval,NAS,12
00:24.4,206,14,0,Santino Ferrucci,A.J. Foyt Enterprises,Oval,NAS,6
00:24.7,204,11,0,Scott Dixon,Chip Ganassi Racing,Oval,NAS,17
00:24.7,206,18,0,Scott McLaughlin,Team Penske,Oval,NAS,5
00:24.9,204,23,0,Sting Ray Robb,A.J. Foyt Enterprises,Oval,NAS,20
00:25.0,198,4,0,Will Power,Team Penske,Oval,NAS,24
01:15.8,80,4,0,Alex Palou,Chip Ganassi Racing,Street,NASH,3
01:16.8,80,4,0,Alex Palou,Chip Ganassi Racing,Street,NASH,3
01:16.9,80,17,0,Alexander Rossi,Andretti Global,Street,NASH,4
01:17.4,78,10,0,Alexander Rossi,Arrow McLaren,Street,NASH,19
01:17.5,76,19,0,Callum Ilott,Juncos Hollinger Racing,Street,NASH,15
01:17.5,80,18,0,Callum Ilott,Juncos Hollinger Racing,Street,NASH,12
01:16.8,80,3,0,Christian Lundgaard,Rahal Letterman Lanigan Racing,Street,NASH,8
01:17.5,80,13,0,Christian Lundgaard,Rahal Letterman Lanigan Racing,Street,NASH,9
01:16.7,80,23,0,Colton Herta,Andretti Global,Street,NASH,5
01:17.5,76,3,1,Colton Herta,Andretti Global,Street,NASH,21
01:17.5,74,22,0,Conor Daly,Ed Carpenter Racing,Street,NASH,17
01:16.0,63,7,1,David Malukas,Dale Coyne Racing,Street,NASH,20
01:18.2,11,5,1,David Malukas,Dale Coyne Racing,Street,NASH,27
01:17.2,32,24,1,Devlin DeFrancesco,Andretti Global,Street,NASH,22
01:17.8,65,26,1,Devlin DeFrancesco,Andretti Global,Street,NASH,26
01:16.3,80,15,0,Felix Rosenqvist,Arrow McLaren,Street,NASH,7
01:16.8,73,14,1,Felix Rosenqvist,Arrow McLaren,Street,NASH,22
01:17.1,29,9,1,Graham Rahal,Rahal Letterman Lanigan Racing,Street,NASH,23
01:17.3,80,15,0,Graham Rahal,Rahal Letterman Lanigan Racing,Street,NASH,15
01:16.0,80,6,0,Josef Newgarden,Team Penske,Street,NASH,6
01:17.6,80,9,0,Josef Newgarden,Team Penske,Street,NASH,4
01:16.4,63,16,1,Kyle Kirkwood,A.J. Foyt Enterprises,Street,NASH,19
01:17.2,80,8,0,Kyle Kirkwood,Andretti Global,Street,NASH,1
01:17.0,80,16,0,Marcus Armstrong,Chip Ganassi Racing,Street,NASH,13
01:16.7,76,18,1,Marcus Ericsson,Chip Ganassi Racing,Street,NASH,14
01:17.1,80,20,0,Marcus Ericsson,Chip Ganassi Racing,Street,NASH,7
01:17.1,25,5,1,Pato O'Ward,Arrow McLaren,Street,NASH,24
01:17.5,80,2,0,Pato O'Ward,Arrow McLaren,Street,NASH,8
01:16.7,79,10,0,Rinus VeeKay,Ed Carpenter Racing,Street,NASH,12
01:17.2,80,19,0,Rinus VeeKay,Ed Carpenter Racing,Street,NASH,14
01:17.4,80,21,0,Santino Ferrucci,A.J. Foyt Enterprises,Street,NASH,18
01:16.9,80,14,0,Scott Dixon,Chip Ganassi Racing,Street,NASH,1
01:17.6,80,12,0,Scott Dixon,Chip Ganassi Racing,Street,NASH,5
01:15.7,80,1,0,Scott McLaughlin,Team Penske,Street,NASH,2
01:17.4,80,1,0,Scott McLaughlin,Team Penske,Street,NASH,2
01:17.1,80,24,0,Sting Ray Robb,Dale Coyne Racing,Street,NASH,17
01:16.7,80,8,0,Will Power,Team Penske,Street,NASH,11
01:17.6,80,7,0,Will Power,Team Penske,Street,NASH,10
01:00.1,110,4,0,Alex Palou,Chip Ganassi Racing,Road,POR,12
00:59.5,110,5,0,Alex Palou,Chip Ganassi Racing,Road,POR,1
01:00.2,110,3,0,Alex Palou,Chip Ganassi Racing,Road,POR,2
01:00.5,110,9,0,Alexander Rossi,Andretti Global,Road,POR,7
01:00.2,109,9,0,Alexander Rossi,Arrow McLaren,Road,POR,20
01:00.4,110,17,0,Alexander Rossi,Arrow McLaren,Road,POR,12
01:00.3,110,14,0,Callum Ilott,Juncos Hollinger Racing,Road,POR,9
01:00.4,110,8,0,Callum Ilott,Juncos Hollinger Racing,Road,POR,15
01:00.0,110,3,0,Christian Lundgaard,Rahal Letterman Lanigan Racing,Road,POR,21
00:59.9,110,17,0,Christian Lundgaard,Rahal Letterman Lanigan Racing,Road,POR,11
01:00.5,110,4,0,Christian Lundgaard,Rahal Letterman Lanigan Racing,Road,POR,13
01:00.3,108,16,0,Christian Rasmussen,Ed Carpenter Racing,Road,POR,26
01:00.2,110,7,0,Colton Herta,Andretti Global,Road,POR,6
01:00.2,110,3,0,Colton Herta,Andretti Global,Road,POR,13
01:00.4,110,8,0,Colton Herta,Andretti Global,Road,POR,4
01:00.8,67,20,1,Conor Daly,Ed Carpenter Racing,Road,POR,25
01:00.9,109,26,0,Conor Daly,Juncos Hollinger Racing,Road,POR,22
01:00.4,110,10,0,David Malukas,Dale Coyne Racing,Road,POR,14
01:00.1,110,23,0,David Malukas,Dale Coyne Racing,Road,POR,8
00:59.7,109,25,0,David Malukas,Meyer Shank Racing,Road,POR,20
01:00.3,110,24,0,Devlin DeFrancesco,Andretti Global,Road,POR,16
01:00.2,110,20,0,Devlin DeFrancesco,Andretti Global,Road,POR,17
01:00.4,110,6,0,Felix Rosenqvist,Arrow McLaren,Road,POR,10
00:59.9,110,11,0,Felix Rosenqvist,Arrow McLaren,Road,POR,2
01:00.4,110,18,0,Felix Rosenqvist,Meyer Shank Racing,Road,POR,14
01:00.3,110,11,0,Graham Rahal,Rahal Letterman Lanigan Racing,Road,POR,5
00:59.8,110,1,0,Graham Rahal,Rahal Letterman Lanigan Racing,Road,POR,12
01:00.2,110,12,0,Graham Rahal,Rahal Letterman Lanigan Racing,Road,POR,9
00:59.6,110,8,0,Josef Newgarden,Team Penske,Road,POR,8
00:59.4,110,12,0,Josef Newgarden,Team Penske,Road,POR,5
01:00.1,110,5,0,Josef Newgarden,Team Penske,Road,POR,3
01:00.5,110,28,0,Kyffin Simpson,Chip Ganassi Racing,Road,POR,16
01:00.4,110,13,0,Kyle Kirkwood,A.J. Foyt Enterprises,Road,POR,13
01:00.5,110,16,0,Kyle Kirkwood,Andretti Global,Road,POR,10
01:00.2,110,11,0,Kyle Kirkwood,Andretti Global,Road,POR,10
01:00.2,109,14,0,Marcus Armstrong,Chip Ganassi Racing,Road,POR,19
01:00.3,110,7,0,Marcus Armstrong,Chip Ganassi Racing,Road,POR,5
01:00.5,110,10,0,Marcus Ericsson,Andretti Global,Road,POR,6
01:00.6,110,18,0,Marcus Ericsson,Chip Ganassi Racing,Road,POR,11
01:00.0,110,10,0,Marcus Ericsson,Chip Ganassi Racing,Road,POR,7
01:00.2,109,23,0,Nolan Siegel,Arrow McLaren,Road,POR,21
01:00.5,110,5,0,Pato O'Ward,Arrow McLaren,Road,POR,4
01:00.1,110,6,0,Pato O'Ward,Arrow McLaren,Road,POR,4
01:00.5,110,22,0,Pato O'Ward,Arrow McLaren,Road,POR,15
01:00.5,110,12,0,Rinus VeeKay,Ed Carpenter Racing,Road,POR,20
00:59.8,110,13,0,Rinus VeeKay,Ed Carpenter Racing,Road,POR,6
01:00.3,110,14,0,Rinus VeeKay,Ed Carpenter Racing,Road,POR,11
01:00.4,110,22,0,Santino Ferrucci,A.J. Foyt Enterprises,Road,POR,16
01:00.4,110,1,0,Santino Ferrucci,A.J. Foyt Enterprises,Road,POR,8
01:00.3,110,16,0,Scott Dixon,Chip Ganassi Racing,Road,POR,3
00:59.7,110,4,0,Scott Dixon,Chip Ganassi Racing,Road,POR,3
01:01.1,0,9,1,Scott Dixon,Chip Ganassi Racing,Road,POR,28
00:59.8,110,1,0,Scott McLaughlin,Team Penske,Road,POR,1
00:59.9,110,2,0,Scott McLaughlin,Team Penske,Road,POR,9
01:00.3,110,20,0,Scott McLaughlin,Team Penske,Road,POR,7
01:00.6,109,24,0,Sting Ray Robb,A.J. Foyt Enterprises,Road,POR,18
01:01.1,109,24,0,Sting Ray Robb,Dale Coyne Racing,Road,POR,23
01:00.1,110,2,0,Will Power,Team Penske,Road,POR,2
01:00.7,108,7,0,Will Power,Team Penske,Road,POR,25
01:00.2,110,2,0,Will Power,Team Penske,Road,POR,1
01:47.2,36,3,1,Alex Palou,Chip Ganassi Racing,Road,R-AM,27
01:43.4,55,3,0,Alex Palou,Chip Ganassi Racing,Road,R-AM,1
01:44.1,55,7,0,Alex Palou,Chip Ganassi Racing,Road,R-AM,4
01:46.9,55,1,0,Alexander Rossi,Andretti Global,Road,R-AM,3
01:43.9,55,5,0,Alexander Rossi,Arrow McLaren,Road,R-AM,10
01:44.8,55,9,0,Alexander Rossi,Arrow McLaren,Road,R-AM,18
01:48.0,55,12,0,Callum Ilott,Juncos Hollinger Racing,Road,R-AM,11
01:44.8,55,17,0,Callum Ilott,Juncos Hollinger Racing,Road,R-AM,18
01:47.8,55,13,0,Christian Lundgaard,Rahal Letterman Lanigan Racing,Road,R-AM,10
01:44.1,55,7,0,Christian Lundgaard,Rahal Letterman Lanigan Racing,Road,R-AM,7
01:44.3,55,13,0,Christian Lundgaard,Rahal Letterman Lanigan Racing,Road,R-AM,11
01:44.9,55,16,0,Christian Rasmussen,Ed Carpenter Racing,Road,R-AM,20
01:47.3,55,11,0,Colton Herta,Andretti Global,Road,R-AM,5
01:43.9,55,1,0,Colton Herta,Andretti Global,Road,R-AM,5
01:43.9,55,2,0,Colton Herta,Andretti Global,Road,R-AM,6
01:47.8,55,18,0,Conor Daly,Ed Carpenter Racing,Road,R-AM,14
01:48.8,55,14,0,David Malukas,Dale Coyne Racing,Road,R-AM,16
01:44.9,24,13,1,David Malukas,Dale Coyne Racing,Road,R-AM,27
01:47.5,55,21,0,Devlin DeFrancesco,Andretti Global,Road,R-AM,18
01:44.2,55,12,0,Devlin DeFrancesco,Andretti Global,Road,R-AM,23
01:48.8,55,7,0,Felix Rosenqvist,Arrow McLaren,Road,R-AM,6
01:44.7,55,16,0,Felix Rosenqvist,Arrow McLaren,Road,R-AM,20
01:45.3,55,22,0,Felix Rosenqvist,Meyer Shank Racing,Road,R-AM,14
01:48.6,55,22,0,Graham Rahal,Rahal Letterman Lanigan Racing,Road,R-AM,8
01:44.4,55,14,0,Graham Rahal,Rahal Letterman Lanigan Racing,Road,R-AM,11
01:44.3,55,24,0,Graham Rahal,Rahal Letterman Lanigan Racing,Road,R-AM,10
01:46.6,55,2,0,Josef Newgarden,Team Penske,Road,R-AM,1
01:43.8,55,4,0,Josef Newgarden,Team Penske,Road,R-AM,2
01:43.9,55,6,0,Josef Newgarden,Team Penske,Road,R-AM,2
02:01.7,5,12,1,Kyffin Simpson,Chip Ganassi Racing,Road,R-AM,27
01:48.6,55,24,0,Kyle Kirkwood,A.J. Foyt Enterprises,Road,R-AM,20
01:44.3,55,6,0,Kyle Kirkwood,Andretti Global,Road,R-AM,9
01:44.2,55,4,0,Kyle Kirkwood,Andretti Global,Road,R-AM,5
01:43.4,54,8,0,Marcus Armstrong,Chip Ganassi Racing,Road,R-AM,24
01:45.6,35,3,1,Marcus Armstrong,Chip Ganassi Racing,Road,R-AM,26
01:43.3,55,15,0,Marcus Ericsson,Andretti Global,Road,R-AM,9
01:47.3,55,4,0,Marcus Ericsson,Chip Ganassi Racing,Road,R-AM,2
01:43.6,55,9,0,Marcus Ericsson,Chip Ganassi Racing,Road,R-AM,6
01:44.0,54,21,0,Nolan Siegel,Juncos Hollinger Racing,Road,R-AM,23
01:47.4,46,5,1,Pato O'Ward,Arrow McLaren,Road,R-AM,26
01:44.1,55,2,0,Pato O'Ward,Arrow McLaren,Road,R-AM,3
01:44.4,55,11,0,Pato O'Ward,Arrow McLaren,Road,R-AM,8
01:48.9,55,17,0,Rinus VeeKay,Ed Carpenter Racing,Road,R-AM,17
01:44.1,55,15,0,Rinus VeeKay,Ed Carpenter Racing,Road,R-AM,12
01:45.0,53,17,0,Rinus VeeKay,Ed Carpenter Racing,Road,R-AM,24
01:44.2,55,11,0,Santino Ferrucci,A.J. Foyt Enterprises,Road,R-AM,16
01:44.3,55,19,0,Santino Ferrucci,A.J. Foyt Enterprises,Road,R-AM,15
01:47.8,55,9,0,Scott Dixon,Chip Ganassi Racing,Road,R-AM,9
01:44.2,55,23,0,Scott Dixon,Chip Ganassi Racing,Road,R-AM,4
01:43.1,55,10,0,Scott Dixon,Chip Ganassi Racing,Road,R-AM,21
01:48.3,55,8,0,Scott McLaughlin,Team Penske,Road,R-AM,7
01:43.7,55,18,0,Scott McLaughlin,Team Penske,Road,R-AM,8
01:44.4,55,8,0,Scott McLaughlin,Team Penske,Road,R-AM,3
01:44.5,55,26,0,Sting Ray Robb,A.J. Foyt Enterprises,Road,R-AM,17
01:44.6,55,25,0,Sting Ray Robb,Dale Coyne Racing,Road,R-AM,22
01:47.4,55,15,0,Will Power,Team Penske,Road,R-AM,19
01:42.9,55,22,0,Will Power,Team Penske,Road,R-AM,13
01:43.4,55,5,0,Will Power,Team Penske,Road,R-AM,1
00:25.9,260,5,0,Alex Palou,Chip Ganassi Racing,Oval,STL,9
00:26.1,259,14,0,Alex Palou,Chip Ganassi Racing,Oval,STL,7
00:26.2,260,16,0,Alex Palou,Chip Ganassi Racing,Oval,STL,4
00:25.7,260,9,0,Alex Palou,Chip Ganassi Racing,Oval,STL,8
00:26.5,226,10,0,Alexander Rossi,Andretti Global,Oval,STL,25
00:26.1,259,7,0,Alexander Rossi,Arrow McLaren,Oval,STL,4
00:26.3,250,13,1,Alexander Rossi,Arrow McLaren,Oval,STL,19
00:26.2,260,12,0,Alexander Rossi,Ed Carpenter Racing,Oval,STL,11
00:26.0,257,22,0,Callum Ilott,Juncos Hollinger Racing,Oval,STL,21
00:26.3,58,9,1,Callum Ilott,Juncos Hollinger Racing,Oval,STL,27
00:26.4,259,16,0,Callum Ilott,PREMA Racing,Oval,STL,18
00:26.1,260,14,0,Christian Lundgaard,Arrow McLaren,Oval,STL,14
00:26.1,258,19,0,Christian Lundgaard,Rahal Letterman Lanigan Racing,Oval,STL,19
00:26.2,259,19,0,Christian Lundgaard,Rahal Letterman Lanigan Racing,Oval,STL,17
00:26.4,257,23,0,Christian Lundgaard,Rahal Letterman Lanigan Racing,Oval,STL,15
00:25.9,260,25,0,Christian Rasmussen,Ed Carpenter Racing,Oval,STL,3
00:26.2,259,8,0,Colton Herta,Andretti Global,Oval,STL,17
00:25.6,259,11,0,Colton Herta,Andretti Global,Oval,STL,11
00:26.0,259,2,0,Colton Herta,Andretti Global,Oval,STL,6
00:26.2,260,25,0,Colton Herta,Andretti Global,Oval,STL,5
00:26.4,244,15,0,Conor Daly,Ed Carpenter Racing,Oval,STL,23
00:26.7,258,9,0,Conor Daly,Juncos Hollinger Racing,Oval,STL,13
00:25.9,260,15,0,Conor Daly,Juncos Hollinger Racing,Oval,STL,6
00:26.0,259,11,0,Conor Daly,Rahal Letterman Lanigan Racing,Oval,STL,16
00:25.8,260,4,0,David Malukas,A.J. Foyt Enterprises,Oval,STL,12
00:25.6,260,12,0,David Malukas,Dale Coyne Racing,Oval,STL,2
00:26.1,260,6,0,David Malukas,Dale Coyne Racing,Oval,STL,3
00:25.8,238,2,1,David Malukas,Meyer Shank Racing,Oval,STL,21
00:26.1,259,9,0,Devlin DeFrancesco,Andretti Global,Oval,STL,12
00:26.4,258,18,0,Devlin DeFrancesco,Andretti Global,Oval,STL,19
00:26.5,217,17,0,Devlin DeFrancesco,Rahal Letterman Lanigan Racing,Oval,STL,23
00:26.2,259,26,0,Felix Rosenqvist,Arrow McLaren,Oval,STL,16
00:25.8,259,4,0,Felix Rosenqvist,Arrow McLaren,Oval,STL,8
00:26.2,259,11,0,Felix Rosenqvist,Meyer Shank Racing,Oval,STL,6
00:25.8,259,7,0,Felix Rosenqvist,Meyer Shank Racing,Oval,STL,16
00:26.1,260,16,0,Graham Rahal,Rahal Letterman Lanigan Racing,Oval,STL,10
00:26.3,258,21,0,Graham Rahal,Rahal Letterman Lanigan Racing,Oval,STL,20
00:26.5,161,14,1,Graham Rahal,Rahal Letterman Lanigan Racing,Oval,STL,23
00:26.6,253,22,0,Graham Rahal,Rahal Letterman Lanigan Racing,Oval,STL,22
00:26.5,258,27,0,Jacob Abel,Dale Coyne Racing,Oval,STL,21
00:25.6,260,3,0,Josef Newgarden,Team Penske,Oval,STL,1
00:26.0,210,1,1,Josef Newgarden,Team Penske,Oval,STL,25
00:25.6,260,3,0,Josef Newgarden,Team Penske,Oval,STL,1
00:25.9,129,5,1,Josef Newgarden,Team Penske,Oval,STL,25
00:26.0,259,26,0,Kyffin Simpson,Chip Ganassi Racing,Oval,STL,15
00:26.6,84,22,1,Kyffin Simpson,Chip Ganassi Racing,Oval,STL,25
00:26.3,258,20,0,Kyle Kirkwood,A.J. Foyt Enterprises,Oval,STL,17
00:26.3,259,22,0,Kyle Kirkwood,Andretti Global,Oval,STL,15
00:25.9,260,10,0,Kyle Kirkwood,Andretti Global,Oval,STL,1
00:26.6,207,5,1,Kyle Kirkwood,Andretti Global,Oval,STL,22
00:26.1,128,21,1,Louis Foster,Rahal Letterman Lanigan Racing,Oval,STL,26
00:26.0,259,10,0,Marcus Armstrong,Chip Ganassi Racing,Oval,STL,8
00:26.1,260,6,0,Marcus Armstrong,Meyer Shank Racing,Oval,STL,9
00:26.2,260,13,0,Marcus Ericsson,Andretti Global,Oval,STL,13
00:26.5,151,7,1,Marcus Ericsson,Andretti Global,Oval,STL,24
00:25.8,260,2,0,Marcus Ericsson,Chip Ganassi Racing,Oval,STL,7
00:26.1,259,15,0,Marcus Ericsson,Chip Ganassi Racing,Oval,STL,10
00:26.0,259,20,0,Nolan Siegel,Arrow McLaren,Oval,STL,19
00:26.3,259,20,0,Nolan Siegel,Arrow McLaren,Oval,STL,7
00:25.9,260,3,0,Pato O'Ward,Arrow McLaren,Oval,STL,2
00:25.7,260,7,0,Pato O'Ward,Arrow McLaren,Oval,STL,4
00:26.0,260,3,0,Pato O'Ward,Arrow McLaren,Oval,STL,2
00:26.7,42,8,1,Pato O'Ward,Arrow McLaren,Oval,STL,26
00:26.0,260,18,0,Rinus VeeKay,Dale Coyne Racing,Oval,STL,7
00:26.9,53,23,1,Rinus VeeKay,Ed Carpenter Racing,Oval,STL,26
00:26.2,259,20,0,Rinus VeeKay,Ed Carpenter Racing,Oval,STL,11
00:26.6,259,12,0,Rinus VeeKay,Ed Carpenter Racing,Oval,STL,10
00:26.2,260,24,0,Robert Shwartzman,PREMA Racing,Oval,STL,10
00:26.1,260,19,0,Santino Ferrucci,A.J. Foyt Enterprises,Oval,STL,5
00:26.4,259,26,0,Santino Ferrucci,A.J. Foyt Enterprises,Oval,STL,13
00:26.1,258,17,0,Santino Ferrucci,A.J. Foyt Enterprises,Oval,STL,12
00:26.0,260,11,0,Scott Dixon,Chip Ganassi Racing,Oval,STL,4
00:25.8,260,6,0,Scott Dixon,Chip Ganassi Racing,Oval,STL,8
00:25.9,260,16,0,Scott Dixon,Chip Ganassi Racing,Oval,STL,1
00:26.3,258,19,0,Scott Dixon,Chip Ganassi Racing,Oval,STL,11
00:25.7,260,4,0,Scott McLaughlin,Team Penske,Oval,STL,3
00:26.2,259,10,0,Scott McLaughlin,Team Penske,Oval,STL,5
00:25.7,260,1,0,Scott McLaughlin,Team Penske,Oval,STL,2
00:25.8,216,2,1,Scott McLaughlin,Team Penske,Oval,STL,24
00:26.2,259,24,0,Sting Ray Robb,A.J. Foyt Enterprises,Oval,STL,9
00:26.2,258,24,0,Sting Ray Robb,Dale Coyne Racing,Oval,STL,21
00:26.4,259,23,0,Sting Ray Robb,Juncos Hollinger Racing,Oval,STL,20
00:25.7,260,1,0,Will Power,Team Penske,Oval,STL,6
00:26.1,259,8,0,Will Power,Team Penske,Oval,STL,9
00:25.7,250,4,1,Will Power,Team Penske,Oval,STL,18
00:26.1,47,1,1,Will Power,Team Penske,Oval,STL,27
01:01.9,100,10,0,Alex Palou,Chip Ganassi Racing,Street,STP,2
01:01.5,100,7,0,Alex Palou,Chip Ganassi Racing,Street,STP,8
01:01.3,100,13,0,Alex Palou,Chip Ganassi Racing,Street,STP,4
01:02.1,100,8,0,Alex Palou,Chip Ganassi Racing,Street,STP,1
01:01.9,100,13,0,Alexander Rossi,Andretti Global,Street,STP,20
01:02.1,100,12,0,Alexander Rossi,Arrow McLaren,Street,STP,4
01:01.6,100,15,0,Alexander Rossi,Arrow McLaren,Street,STP,6
01:02.5,100,20,0,Alexander Rossi,Ed Carpenter Racing,Street,STP,10
01:01.8,100,16,0,Callum Ilott,Arrow McLaren,Street,STP,11
01:02.1,100,19,0,Callum Ilott,Juncos Hollinger Racing,Street,STP,19
01:02.1,100,22,0,Callum Ilott,Juncos Hollinger Racing,Street,STP,5
01:02.5,100,27,0,Callum Ilott,PREMA Racing,Street,STP,19
01:02.1,100,5,0,Christian Lundgaard,Arrow McLaren,Street,STP,8
01:02.0,100,15,0,Christian Lundgaard,Rahal Letterman Lanigan Racing,Street,STP,11
01:01.7,100,11,0,Christian Lundgaard,Rahal Letterman Lanigan Racing,Street,STP,9
01:01.2,100,12,0,Christian Lundgaard,Rahal Letterman Lanigan Racing,Street,STP,18
01:02.0,99,21,0,Christian Rasmussen,Ed Carpenter Racing,Street,STP,19
01:02.7,100,24,0,Christian Rasmussen,Ed Carpenter Racing,Street,STP,15
01:02.5,100,2,0,Colton Herta,Andretti Global,Street,STP,16
01:01.7,100,3,0,Colton Herta,Andretti Global,Street,STP,4
01:02.1,49,2,1,Colton Herta,Andretti Global,Street,STP,20
01:01.5,100,4,0,Colton Herta,Andretti Global,Street,STP,3
01:01.0,100,20,0,Conor Daly,Ed Carpenter Racing,Street,STP,21
01:02.2,99,26,0,Conor Daly,Ed Carpenter Racing,Street,STP,14
01:02.8,100,22,0,Conor Daly,Juncos Hollinger Racing,Street,STP,17
01:02.3,100,17,0,David Malukas,A.J. Foyt Enterprises,Street,STP,13
01:02.5,23,24,1,David Malukas,Dale Coyne Racing,Street,STP,26
01:02.2,100,16,0,David Malukas,Dale Coyne Racing,Street,STP,10
01:01.9,100,18,0,Devlin DeFrancesco,Andretti Global,Street,STP,22
01:03.3,0,18,1,Devlin DeFrancesco,Andretti Global,Street,STP,25
01:02.1,99,14,0,Devlin DeFrancesco,Rahal Letterman Lanigan Racing,Street,STP,22
01:01.8,100,21,0,Felix Rosenqvist,Arrow McLaren,Street,STP,17
01:01.8,51,8,1,Felix Rosenqvist,Arrow McLaren,Street,STP,19
01:01.4,100,2,0,Felix Rosenqvist,Meyer Shank Racing,Street,STP,5
01:01.9,100,3,0,Felix Rosenqvist,Meyer Shank Racing,Street,STP,7
01:01.9,100,11,0,Graham Rahal,Rahal Letterman Lanigan Racing,Street,STP,7
01:02.2,100,20,0,Graham Rahal,Rahal Letterman Lanigan Racing,Street,STP,6
01:01.1,100,22,0,Graham Rahal,Rahal Letterman Lanigan Racing,Street,STP,14
01:02.4,100,21,0,Graham Rahal,Rahal Letterman Lanigan Racing,Street,STP,12
01:03.3,99,25,0,Jacob Abel,Dale Coyne Racing,Street,STP,23
01:01.8,100,9,0,Josef Newgarden,Team Penske,Street,STP,16
01:01.9,95,14,0,Josef Newgarden,Team Penske,Street,STP,17
01:03.3,0,1,1,Josef Newgarden,Team Penske,Street,STP,26
01:01.7,100,10,0,Josef Newgarden,Team Penske,Street,STP,3
01:00.9,100,23,0,Kyffin Simpson,Chip Ganassi Racing,Street,STP,12
01:02.6,100,15,0,Kyffin Simpson,Chip Ganassi Racing,Street,STP,18
01:02.0,100,12,0,Kyle Kirkwood,A.J. Foyt Enterprises,Street,STP,18
01:01.9,97,5,0,Kyle Kirkwood,Andretti Global,Street,STP,15
01:01.4,100,18,0,Kyle Kirkwood,Andretti Global,Street,STP,10
01:02.1,100,9,0,Kyle Kirkwood,Andretti Global,Street,STP,5
01:03.3,0,16,1,Louis Foster,Rahal Letterman Lanigan Racing,Street,STP,27
01:01.9,100,13,0,Marcus Armstrong,Chip Ganassi Racing,Street,STP,11
01:01.9,25,10,1,Marcus Armstrong,Chip Ganassi Racing,Street,STP,25
01:02.2,46,4,1,Marcus Armstrong,Meyer Shank Racing,Street,STP,24
01:01.9,52,6,1,Marcus Ericsson,Andretti Global,Street,STP,23
01:02.4,100,7,0,Marcus Ericsson,Andretti Global,Street,STP,6
01:01.6,100,8,0,Marcus Ericsson,Chip Ganassi Racing,Street,STP,9
01:01.7,100,4,0,Marcus Ericsson,Chip Ganassi Racing,Street,STP,1
01:03.3,0,11,1,Nolan Siegel,Arrow McLaren,Street,STP,25
01:01.7,100,16,0,Pato O'Ward,Arrow McLaren,Street,STP,12
01:01.7,100,3,0,Pato O'Ward,Arrow McLaren,Street,STP,2
01:01.5,100,3,0,Pato O'Ward,Arrow McLaren,Street,STP,1
01:02.1,100,23,0,Pato O'Ward,Arrow McLaren,Street,STP,11
01:01.9,100,12,0,Rinus VeeKay,Dale Coyne Racing,Street,STP,9
01:02.0,100,4,0,Rinus VeeKay,Ed Carpenter Racing,Street,STP,6
01:02.4,41,24,1,Rinus VeeKay,Ed Carpenter Racing,Street,STP,21
01:01.7,100,7,0,Rinus VeeKay,Ed Carpenter Racing,Street,STP,8
01:02.8,100,18,0,Robert Shwartzman,PREMA Racing,Street,STP,20
01:03.3,0,17,1,Santino Ferrucci,A.J. Foyt Enterprises,Street,STP,24
01:01.8,100,14,0,Santino Ferrucci,A.J. Foyt Enterprises,Street,STP,9
01:02.7,100,19,0,Santino Ferrucci,A.J. Foyt Enterprises,Street,STP,14
01:01.4,100,7,0,Scott Dixon,Chip Ganassi Racing,Street,STP,8
01:01.6,100,9,0,Scott Dixon,Chip Ganassi Racing,Street,STP,3
01:01.2,100,11,0,Scott Dixon,Chip Ganassi Racing,Street,STP,7
01:02.3,100,6,0,Scott Dixon,Chip Ganassi Racing,Street,STP,2
01:01.5,100,1,0,Scott McLaughlin,Team Penske,Street,STP,1
01:02.0,99,6,0,Scott McLaughlin,Team Penske,Street,STP,13
01:03.3,0,9,1,Scott McLaughlin,Team Penske,Street,STP,27
01:02.0,100,1,0,Scott McLaughlin,Team Penske,Street,STP,4
01:02.3,33,24,1,Sting Ray Robb,A.J. Foyt Enterprises,Street,STP,24
01:02.7,96,23,1,Sting Ray Robb,Dale Coyne Racing,Street,STP,16
01:02.7,99,26,0,Sting Ray Robb,Juncos Hollinger Racing,Street,STP,21
01:01.5,100,2,0,Will Power,Team Penske,Street,STP,3
01:01.9,100,10,0,Will Power,Team Penske,Street,STP,7
01:01.1,100,8,0,Will Power,Team Penske,Street,STP,2
01:03.3,0,13,1,Will Power,Team Penske,Street,STP,26
00:23.9,248,11,0,Alex Palou,Chip Ganassi Racing,Oval,TEX,7
00:23.5,250,7,0,Alex Palou,Chip Ganassi Racing,Oval,TEX,3
00:23.9,11,12,1,Alexander Rossi,Andretti Global,Oval,TEX,27
00:23.7,243,3,0,Alexander Rossi,Arrow McLaren,Oval,TEX,22
00:24.0,247,20,0,Callum Ilott,Juncos Hollinger Racing,Oval,TEX,16
00:24.0,249,17,0,Callum Ilott,Juncos Hollinger Racing,Oval,TEX,9
00:23.8,233,24,1,Christian Lundgaard,Rahal Letterman Lanigan Racing,Oval,TEX,19
00:23.9,247,27,0,Christian Lundgaard,Rahal Letterman Lanigan Racing,Oval,TEX,19
00:23.7,247,9,0,Colton Herta,Andretti Global,Oval,TEX,12
00:23.5,250,10,0,Colton Herta,Andretti Global,Oval,TEX,7
00:23.9,245,16,0,Conor Daly,Ed Carpenter Racing,Oval,TEX,18
00:24.2,246,25,0,Conor Daly,Ed Carpenter Racing,Oval,TEX,20
00:23.9,248,19,0,David Malukas,Dale Coyne Racing,Oval,TEX,11
00:23.8,250,9,0,David Malukas,Dale Coyne Racing,Oval,TEX,4
00:23.8,128,17,1,Devlin DeFrancesco,Andretti Global,Oval,TEX,24
00:23.8,221,12,1,Devlin DeFrancesco,Andretti Global,Oval,TEX,23
00:23.5,138,1,1,Felix Rosenqvist,Arrow McLaren,Oval,TEX,21
00:23.5,177,1,1,Felix Rosenqvist,Arrow McLaren,Oval,TEX,26
00:23.8,128,26,1,Graham Rahal,Rahal Letterman Lanigan Racing,Oval,TEX,22
00:24.1,219,24,1,Graham Rahal,Rahal Letterman Lanigan Racing,Oval,TEX,24
00:23.8,248,7,0,Josef Newgarden,Team Penske,Oval,TEX,1
00:23.7,250,4,0,Josef Newgarden,Team Penske,Oval,TEX,1
00:23.8,113,23,1,Kyle Kirkwood,A.J. Foyt Enterprises,Oval,TEX,25
00:24.2,97,20,1,Kyle Kirkwood,Andretti Global,Oval,TEX,27
00:23.7,248,14,0,Marcus Ericsson,Chip Ganassi Racing,Oval,TEX,3
00:23.8,249,16,0,Marcus Ericsson,Chip Ganassi Racing,Oval,TEX,8
00:23.5,247,10,0,Pato O'Ward,Arrow McLaren,Oval,TEX,15
00:23.4,250,5,0,Pato O'Ward,Arrow McLaren,Oval,TEX,2
00:23.9,248,8,0,Rinus VeeKay,Ed Carpenter Racing,Oval,TEX,10
00:24.0,249,26,0,Rinus VeeKay,Ed Carpenter Racing,Oval,TEX,11
00:23.9,246,14,0,Santino Ferrucci,A.J. Foyt Enterprises,Oval,TEX,21
00:24.0,248,27,0,Santino Ferrucci,Rahal Letterman Lanigan Racing,Oval,TEX,9
00:23.6,248,5,0,Scott Dixon,Chip Ganassi Racing,Oval,TEX,5
00:23.6,250,2,0,Scott Dixon,Chip Ganassi Racing,Oval,TEX,5
00:23.8,248,2,0,Scott McLaughlin,Team Penske,Oval,TEX,2
00:23.9,250,15,0,Scott McLaughlin,Team Penske,Oval,TEX,6
00:23.9,208,23,1,Sting Ray Robb,Dale Coyne Racing,Oval,TEX,25
00:23.7,248,4,0,Will Power,Team Penske,Oval,TEX,4
00:23.6,248,8,0,Will Power,Team Penske,Oval,TEX,16
01:43.9,65,3,0,Alex Palou,Chip Ganassi Racing,Road,THRM,1
01:44.8,65,6,0,Alexander Rossi,Ed Carpenter Racing,Road,THRM,9
01:44.5,64,22,0,Callum Ilott,PREMA Racing,Road,THRM,26
01:43.8,65,2,0,Christian Lundgaard,Arrow McLaren,Road,THRM,3
01:45.1,65,19,0,Christian Rasmussen,Ed Carpenter Racing,Road,THRM,12
01:44.8,65,4,0,Colton Herta,Andretti Global,Road,THRM,4
01:45.7,65,15,0,Conor Daly,Juncos Hollinger Racing,Road,THRM,16
01:45.3,65,12,0,David Malukas,A.J. Foyt Enterprises,Road,THRM,18
01:43.6,64,26,0,Devlin DeFrancesco,Rahal Letterman Lanigan Racing,Road,THRM,20
01:43.6,65,9,0,Felix Rosenqvist,Meyer Shank Racing,Road,THRM,5
01:45.0,65,18,0,Graham Rahal,Rahal Letterman Lanigan Racing,Road,THRM,11
01:45.0,64,23,0,Jacob Abel,Dale Coyne Racing,Road,THRM,25
01:44.3,65,17,0,Josef Newgarden,Team Penske,Road,THRM,13
01:44.9,65,20,0,Kyffin Simpson,Chip Ganassi Racing,Road,THRM,15
01:44.8,65,8,0,Kyle Kirkwood,Andretti Global,Road,THRM,8
01:44.8,64,10,0,Louis Foster,Rahal Letterman Lanigan Racing,Road,THRM,24
01:45.2,65,7,0,Marcus Armstrong,Meyer Shank Racing,Road,THRM,7
01:45.3,64,5,0,Marcus Ericsson,Andretti Global,Road,THRM,21
01:44.5,65,16,0,Nolan Siegel,Arrow McLaren,Road,THRM,19
01:43.4,65,1,0,Pato O'Ward,Arrow McLaren,Road,THRM,2
01:44.6,65,13,0,Rinus VeeKay,Dale Coyne Racing,Road,THRM,17
01:45.4,64,27,0,Robert Shwartzman,PREMA Racing,Road,THRM,22
01:45.2,65,14,0,Santino Ferrucci,A.J. Foyt Enterprises,Road,THRM,14
01:44.0,65,11,0,Scott Dixon,Chip Ganassi Racing,Road,THRM,10
01:43.9,53,25,1,Scott McLaughlin,Team Penske,Road,THRM,27
01:45.2,64,24,0,Sting Ray Robb,Juncos Hollinger Racing,Road,THRM,23
01:44.2,65,21,0,Will Power,Team Penske,Road,THRM,6
01:01.1,85,22,0,Alex Palou,Chip Ganassi Racing,Street,TOR,6
01:02.1,85,15,0,Alex Palou,Chip Ganassi Racing,Street,TOR,2
01:01.4,85,18,0,Alex Palou,Chip Ganassi Racing,Street,TOR,4
01:01.3,44,4,1,Alexander Rossi,Andretti Global,Street,TOR,23
01:02.5,84,26,0,Alexander Rossi,Arrow McLaren,Street,TOR,16
01:01.1,85,7,0,Callum Ilott,Juncos Hollinger Racing,Street,TOR,14
01:02.4,81,16,1,Callum Ilott,Juncos Hollinger Racing,Street,TOR,18
01:01.4,85,10,0,Christian Lundgaard,Rahal Letterman Lanigan Racing,Street,TOR,8
01:01.2,85,1,0,Christian Lundgaard,Rahal Letterman Lanigan Racing,Street,TOR,1
01:01.6,85,16,0,Christian Lundgaard,Rahal Letterman Lanigan Racing,Street,TOR,7
01:07.1,0,12,1,Christian Rasmussen,Ed Carpenter Racing,Street,TOR,27
01:01.1,85,1,0,Colton Herta,Andretti Global,Street,TOR,2
01:01.8,85,14,0,Colton Herta,Andretti Global,Street,TOR,3
01:01.6,85,1,0,Colton Herta,Andretti Global,Street,TOR,1
01:01.8,85,25,0,Conor Daly,Ed Carpenter Racing,Street,TOR,20
01:00.8,85,5,0,David Malukas,Dale Coyne Racing,Street,TOR,12
01:02.4,69,17,1,David Malukas,Dale Coyne Racing,Street,TOR,20
01:01.6,85,6,0,David Malukas,Meyer Shank Racing,Street,TOR,6
01:01.6,85,12,0,Devlin DeFrancesco,Andretti Global,Street,TOR,18
01:07.1,10,22,1,Devlin DeFrancesco,Andretti Global,Street,TOR,23
01:01.3,85,8,0,Felix Rosenqvist,Arrow McLaren,Street,TOR,3
01:01.5,85,5,0,Felix Rosenqvist,Arrow McLaren,Street,TOR,10
01:01.5,63,3,1,Felix Rosenqvist,Meyer Shank Racing,Street,TOR,23
01:01.3,85,14,0,Graham Rahal,Rahal Letterman Lanigan Racing,Street,TOR,4
01:02.2,85,27,0,Graham Rahal,Rahal Letterman Lanigan Racing,Street,TOR,9
01:01.8,85,8,0,Graham Rahal,Rahal Letterman Lanigan Racing,Street,TOR,10
01:01.0,85,3,0,Josef Newgarden,Team Penske,Street,TOR,10
01:01.7,85,11,0,Josef Newgarden,Team Penske,Street,TOR,5
01:01.5,85,7,0,Josef Newgarden,Team Penske,Street,TOR,11
01:01.5,66,20,1,Kyffin Simpson,Chip Ganassi Racing,Street,TOR,22
01:01.9,58,24,1,Kyle Kirkwood,A.J. Foyt Enterprises,Street,TOR,22
01:01.4,85,8,0,Kyle Kirkwood,Andretti Global,Street,TOR,15
01:01.7,85,2,0,Kyle Kirkwood,Andretti Global,Street,TOR,2
01:01.8,85,10,0,Marcus Armstrong,Chip Ganassi Racing,Street,TOR,7
01:01.4,85,13,0,Marcus Armstrong,Chip Ganassi Racing,Street,TOR,5
01:01.7,72,11,1,Marcus Ericsson,Andretti Global,Street,TOR,18
01:01.3,85,9,0,Marcus Ericsson,Chip Ganassi Racing,Street,TOR,5
01:02.0,85,4,0,Marcus Ericsson,Chip Ganassi Racing,Street,TOR,11
01:01.7,72,19,1,Nolan Siegel,Arrow McLaren,Street,TOR,21
01:01.2,85,15,0,Pato O'Ward,Arrow McLaren,Street,TOR,11
01:01.5,85,3,0,Pato O'Ward,Arrow McLaren,Street,TOR,8
01:01.9,72,14,1,Pato O'Ward,Arrow McLaren,Street,TOR,17
01:01.6,85,20,0,Rinus VeeKay,Ed Carpenter Racing,Street,TOR,13
01:02.2,85,12,0,Rinus VeeKay,Ed Carpenter Racing,Street,TOR,13
01:01.2,85,22,0,Rinus VeeKay,Ed Carpenter Racing,Street,TOR,8
01:03.5,82,24,0,Santino Ferrucci,A.J. Foyt Enterprises,Street,TOR,17
01:01.8,72,17,1,Santino Ferrucci,A.J. Foyt Enterprises,Street,TOR,20
01:01.2,85,2,0,Scott Dixon,Chip Ganassi Racing,Street,TOR,1
01:01.9,85,7,0,Scott Dixon,Chip Ganassi Racing,Street,TOR,4
01:01.1,85,15,0,Scott Dixon,Chip Ganassi Racing,Street,TOR,3
01:01.5,85,6,0,Scott McLaughlin,Team Penske,Street,TOR,9
01:01.6,85,2,0,Scott McLaughlin,Team Penske,Street,TOR,6
01:01.5,76,4,1,Scott McLaughlin,Team Penske,Street,TOR,16
01:03.0,13,27,1,Sting Ray Robb,A.J. Foyt Enterprises,Street,TOR,25
01:03.6,81,23,0,Sting Ray Robb,Dale Coyne Racing,Street,TOR,19
01:01.7,85,16,0,Will Power,Team Penske,Street,TOR,15
01:01.9,85,6,0,Will Power,Team Penske,Street,TOR,14
01:01.6,85,9,0,Will Power,Team Penske,Street,TOR,12
01:13.9,95,11,0,Alex Palou,Chip Ganassi Racing,Road,WRLS,1
01:08.4,95,5,0,Alex Palou,Chip Ganassi Racing,Road,WRLS,3
01:09.1,95,1,0,Alex Palou,Chip Ganassi Racing,Road,WRLS,1
01:14.5,95,3,0,Alexander Rossi,Andretti Global,Road,WRLS,10
01:09.7,95,15,0,Alexander Rossi,Arrow McLaren,Road,WRLS,7
01:09.4,95,5,0,Alexander Rossi,Arrow McLaren,Road,WRLS,3
01:14.8,37,2,1,Callum Ilott,Juncos Hollinger Racing,Road,WRLS,26
01:09.6,95,20,0,Callum Ilott,Juncos Hollinger Racing,Road,WRLS,5
01:15.4,95,16,0,Christian Lundgaard,Rahal Letterman Lanigan Racing,Road,WRLS,5
01:09.1,95,3,0,Christian Lundgaard,Rahal Letterman Lanigan Racing,Road,WRLS,6
01:10.1,95,6,0,Christian Lundgaard,Rahal Letterman Lanigan Racing,Road,WRLS,15
01:10.1,95,21,0,Christian Rasmussen,Ed Carpenter Racing,Road,WRLS,13
01:14.3,95,18,0,Colton Herta,Andretti Global,Road,WRLS,11
01:09.1,80,12,1,Colton Herta,Andretti Global,Road,WRLS,23
01:09.5,95,4,0,Colton Herta,Andretti Global,Road,WRLS,2
01:15.8,93,15,0,Conor Daly,Ed Carpenter Racing,Road,WRLS,24
01:15.0,94,6,0,David Malukas,Dale Coyne Racing,Road,WRLS,13
01:09.3,93,22,0,David Malukas,Dale Coyne Racing,Road,WRLS,20
01:10.0,95,12,0,David Malukas,Meyer Shank Racing,Road,WRLS,16
01:15.7,94,20,0,Devlin DeFrancesco,Andretti Global,Road,WRLS,15
01:09.4,91,26,0,Devlin DeFrancesco,Andretti Global,Road,WRLS,22
01:15.1,95,8,0,Felix Rosenqvist,Arrow McLaren,Road,WRLS,4
01:09.1,93,1,0,Felix Rosenqvist,Arrow McLaren,Road,WRLS,19
01:10.0,95,3,0,Felix Rosenqvist,Meyer Shank Racing,Road,WRLS,11
01:14.8,94,19,0,Graham Rahal,Rahal Letterman Lanigan Racing,Road,WRLS,18
01:15.8,0,10,1,Graham Rahal,Rahal Letterman Lanigan Racing,Road,WRLS,27
01:10.4,86,19,1,Graham Rahal,Rahal Letterman Lanigan Racing,Road,WRLS,24
01:14.6,95,25,0,Josef Newgarden,Team Penske,Road,WRLS,2
01:10.0,91,4,0,Josef Newgarden,Team Penske,Road,WRLS,21
01:09.2,95,14,0,Josef Newgarden,Team Penske,Road,WRLS,19
01:09.4,86,22,1,Kyffin Simpson,Chip Ganassi Racing,Road,WRLS,23
01:15.7,94,17,0,Kyle Kirkwood,A.J. Foyt Enterprises,Road,WRLS,21
01:08.8,65,16,0,Kyle Kirkwood,Andretti Global,Road,WRLS,25
01:09.9,95,2,0,Kyle Kirkwood,Andretti Global,Road,WRLS,5
01:08.9,95,14,0,Marcus Armstrong,Chip Ganassi Racing,Road,WRLS,8
01:09.9,93,11,0,Marcus Armstrong,Chip Ganassi Racing,Road,WRLS,22
01:09.0,95,18,0,Marcus Ericsson,Andretti Global,Road,WRLS,10
01:14.8,95,9,0,Marcus Ericsson,Chip Ganassi Racing,Road,WRLS,9
01:08.5,94,18,0,Marcus Ericsson,Chip Ganassi Racing,Road,WRLS,15
01:09.8,95,23,0,Nolan Siegel,Arrow McLaren,Road,WRLS,12
01:13.8,95,5,0,Pato O'Ward,Arrow McLaren,Road,WRLS,8
01:08.5,95,9,0,Pato O'Ward,Arrow McLaren,Road,WRLS,9
01:09.3,95,9,0,Pato O'Ward,Arrow McLaren,Road,WRLS,8
01:14.4,94,14,0,Rinus VeeKay,Ed Carpenter Racing,Road,WRLS,14
01:09.7,93,6,0,Rinus VeeKay,Ed Carpenter Racing,Road,WRLS,18
01:09.5,72,20,1,Rinus VeeKay,Ed Carpenter Racing,Road,WRLS,26
01:08.9,94,17,0,Santino Ferrucci,A.J. Foyt Enterprises,Road,WRLS,17
01:09.2,95,17,0,Santino Ferrucci,A.J. Foyt Enterprises,Road,WRLS,9
01:14.9,95,13,0,Scott Dixon,Chip Ganassi Racing,Road,WRLS,12
01:08.9,95,11,0,Scott Dixon,Chip Ganassi Racing,Road,WRLS,1
01:10.0,95,10,0,Scott Dixon,Chip Ganassi Racing,Road,WRLS,6
01:15.1,95,7,0,Scott McLaughlin,Team Penske,Road,WRLS,6
01:09.4,95,2,0,Scott McLaughlin,Team Penske,Road,WRLS,2
01:09.2,93,7,0,Scott McLaughlin,Team Penske,Road,WRLS,21
01:10.7,94,25,0,Sting Ray Robb,A.J. Foyt Enterprises,Road,WRLS,20
01:09.9,95,24,0,Sting Ray Robb,Dale Coyne Racing,Road,WRLS,12
01:14.4,95,1,0,Will Power,Team Penske,Road,WRLS,3
01:09.4,95,7,0,Will Power,Team Penske,Road,WRLS,4
01:09.6,95,15,0,Will Power,Team Penske,Road,WRLS,7
01:47.0,55,2,0,Alex Palou,Chip Ganassi Racing,Road,R-AM,1
01:47.6,55,24,0,Alexander Rossi,Ed Carpenter Racing,Road,R-AM,13
01:48.1,55,9,0,Callum Ilott,PREMA Racing,Road,R-AM,15
01:47.7,55,5,0,Christian Lundgaard,Arrow McLaren,Road,R-AM,24
01:47.9,55,20,0,Christian Rasmussen,Ed Carpenter Racing,Road,R-AM,18
01:48.8,55,16,0,Colton Herta,Andretti Global,Road,R-AM,16
01:48.1,55,21,0,Conor Daly,Juncos Hollinger Racing,Road,R-AM,22
01:47.4,55,7,0,David Malukas,A.J. Foyt Enterprises,Road,R-AM,7
01:48.3,55,19,0,Devlin DeFrancesco,Rahal Letterman Lanigan Racing,Road,R-AM,19
01:46.8,55,12,0,Felix Rosenqvist,Meyer Shank Racing,Road,R-AM,2
01:48.4,55,6,0,Graham Rahal,Rahal Letterman Lanigan Racing,Road,R-AM,20
01:49.0,55,27,0,Jacob Abel,Dale Coyne Racing,Road,R-AM,23
01:48.0,30,10,1,Josef Newgarden,Team Penske,Road,R-AM,25
01:47.5,55,23,0,Kyffin Simpson,Chip Ganassi Racing,Road,R-AM,6
01:47.8,55,3,0,Kyle Kirkwood,Andretti Global,Road,R-AM,4
01:47.9,55,1,0,Louis Foster,Rahal Letterman Lanigan Racing,Road,R-AM,11
01:47.6,55,15,0,Marcus Armstrong,Meyer Shank Racing,Road,R-AM,5
01:48.7,55,14,0,Marcus Ericsson,Andretti Global,Road,R-AM,21
01:47.1,55,13,0,Nolan Siegel,Arrow McLaren,Road,R-AM,8
01:47.7,55,11,0,Pato O'Ward,Arrow McLaren,Road,R-AM,17
01:48.3,55,22,0,Rinus VeeKay,Dale Coyne Racing,Road,R-AM,10
02:25.5,3,17,1,Robert Shwartzman,PREMA Racing,Road,R-AM,27
01:48.2,55,18,0,Santino Ferrucci,A.J. Foyt Enterprises,Road,R-AM,3
01:47.4,55,25,0,Scott Dixon,Chip Ganassi Racing,Road,R-AM,9
01:48.2,55,4,0,Scott McLaughlin,Team Penske,Road,R-AM,12
01:49.3,9,26,1,Sting Ray Robb,Juncos Hollinger Racing,Road,R-AM,26
01:48.2,55,8,0,Will Power,Team Penske,Road,R-AM,14
01:06.9,90,1,0,Alex Palou,Chip Ganassi Racing,Road,MOH,2
01:07.8,90,11,0,Alexander Rossi,Ed Carpenter Racing,Road,MOH,15
01:07.5,90,24,0,Callum Ilott,PREMA Racing,Road,MOH,13
01:06.8,90,2,0,Christian Lundgaard,Arrow McLaren,Road,MOH,3
01:07.7,36,16,1,Christian Rasmussen,Ed Carpenter Racing,Road,MOH,25
01:06.9,90,5,0,Colton Herta,Andretti Global,Road,MOH,4
01:08.1,90,12,0,Conor Daly,Juncos Hollinger Racing,Road,MOH,19
01:07.9,90,13,0,David Malukas,A.J. Foyt Enterprises,Road,MOH,17
01:07.5,90,23,0,Devlin DeFrancesco,Rahal Letterman Lanigan Racing,Road,MOH,20
01:07.3,90,15,0,Felix Rosenqvist,Meyer Shank Racing,Road,MOH,6
01:07.5,89,20,0,Graham Rahal,Rahal Letterman Lanigan Racing,Road,MOH,24
01:07.6,90,25,0,Jacob Abel,Dale Coyne Racing,Road,MOH,22
01:08.1,1,18,1,Josef Newgarden,Team Penske,Road,MOH,27
01:07.5,90,3,0,Kyffin Simpson,Chip Ganassi Racing,Road,MOH,10
01:07.5,90,7,0,Kyle Kirkwood,Andretti Global,Road,MOH,8
01:07.3,90,6,0,Louis Foster,Rahal Letterman Lanigan Racing,Road,MOH,14
01:07.2,90,8,0,Marcus Armstrong,Meyer Shank Racing,Road,MOH,7
01:07.6,90,10,0,Marcus Ericsson,Andretti Global,Road,MOH,12
01:07.6,90,4,0,Nolan Siegel,Arrow McLaren,Road,MOH,11
01:07.2,90,14,0,Pato O'Ward,Arrow McLaren,Road,MOH,5
01:07.9,90,26,0,Rinus VeeKay,Dale Coyne Racing,Road,MOH,9
01:07.7,90,27,0,Robert Shwartzman,PREMA Racing,Road,MOH,21
01:07.9,90,17,0,Santino Ferrucci,A.J. Foyt Enterprises,Road,MOH,16
01:07.1,90,9,0,Scott Dixon,Chip Ganassi Racing,Road,MOH,1
01:06.6,89,21,0,Scott McLaughlin,Team Penske,Road,MOH,23
01:07.7,90,19,0,Sting Ray Robb,Juncos Hollinger Racing,Road,MOH,18
01:08.1,11,22,1,Will Power,Team Penske,Road,MOH,26
